Departamento,Municipio,URL,Poblacion
Amazonas,Leticia,https://www.municipios.com.co/amazonas/leticia,Población 32.450
Amazonas,Puerto Nariño,https://www.municipios.com.co/amazonas/puerto-narino,Población 6.816
Antioquia,Abejorral,https://www.municipios.com.co/antioquia/abejorral,Población 19.893
Antioquia,Abriaquí,https://www.municipios.com.co/antioquia/abriaqui,Población 2.173
Antioquia,Alejandría,https://www.municipios.com.co/antioquia/alejandria,Población 3.730
Antioquia,Amagá,https://www.municipios.com.co/antioquia/amaga,Población 27.115
Antioquia,Amalfi,https://www.municipios.com.co/antioquia/amalfi,Población 20.302
Antioquia,Andes,https://www.municipios.com.co/antioquia/andes,Población 41.491
Antioquia,Angelópolis,https://www.municipios.com.co/antioquia/angelopolis,Población 7.648
Antioquia,Angostura,https://www.municipios.com.co/antioquia/angostura,Población 12.371
Antioquia,Anorí,https://www.municipios.com.co/antioquia/anori,Población 9.638
Antioquia,Anza,https://www.municipios.com.co/antioquia/anza,Población 7.371
Antioquia,Apartadó,https://www.municipios.com.co/antioquia/apartado,Población 134.572
Antioquia,Arboletes,https://www.municipios.com.co/antioquia/arboletes,Población 31.039
Antioquia,Argelia,https://www.municipios.com.co/antioquia/argelia,Población 6.823
Antioquia,Armenia,https://www.municipios.com.co/antioquia/armenia,Población 5.096
Antioquia,Barbosa,https://www.municipios.com.co/antioquia/barbosa,Población 42.547
Antioquia,Belén De Bajirá,https://www.municipios.com.co/antioquia/belen-de-bajira,Población 5.583
Antioquia,Bello,https://www.municipios.com.co/antioquia/bello,Población 373.013
Antioquia,Belmira,https://www.municipios.com.co/antioquia/belmira,Población 6.196
Antioquia,Betania,https://www.municipios.com.co/antioquia/betania,Población 10.120
Antioquia,Betulia,https://www.municipios.com.co/antioquia/betulia,Población 16.665
Antioquia,Briceño,https://www.municipios.com.co/antioquia/briceno,Población 7.953
Antioquia,Buriticá,https://www.municipios.com.co/antioquia/buritica,Población 6.472
Antioquia,Cáceres,https://www.municipios.com.co/antioquia/caceres,Población 28.145
Antioquia,Caicedo,https://www.municipios.com.co/antioquia/caicedo,Población 7.669
Antioquia,Caldas,https://www.municipios.com.co/antioquia/caldas,Población 68.157
Antioquia,Campamento,https://www.municipios.com.co/antioquia/campamento,Población 3.400
Antioquia,Cañasgordas,https://www.municipios.com.co/antioquia/canasgordas,Población 16.518
Antioquia,Caracolí,https://www.municipios.com.co/antioquia/caracoli,Población 4.747
Antioquia,Caramanta,https://www.municipios.com.co/antioquia/caramanta,Población 5.378
Antioquia,Carepa,https://www.municipios.com.co/antioquia/carepa,Población 42.294
Antioquia,Carolina,https://www.municipios.com.co/antioquia/carolina,Población 3.929
Antioquia,Caucasia,https://www.municipios.com.co/antioquia/caucasia,Población 85.667
Antioquia,Chigorodó,https://www.municipios.com.co/antioquia/chigorodo,Población 59.597
Antioquia,Cisneros,https://www.municipios.com.co/antioquia/cisneros,Población 9.617
Antioquia,Ciudad Bolívar,https://www.municipios.com.co/antioquia/ciudad-bolivar,Población 28.090
Antioquia,Cocorná,https://www.municipios.com.co/antioquia/cocorna,Población 14.306
Antioquia,Concepción,https://www.municipios.com.co/antioquia/concepcion,Población 4.410
Antioquia,Concordia,https://www.municipios.com.co/antioquia/concordia,Población 21.226
Antioquia,Copacabana,https://www.municipios.com.co/antioquia/copacabana,Población 61.421
Antioquia,Dabeiba,https://www.municipios.com.co/antioquia/dabeiba,Población 19.783
Antioquia,Don Matías,https://www.municipios.com.co/antioquia/don-matias,Población 17.759
Antioquia,Ebéjico,https://www.municipios.com.co/antioquia/ebejico,Población 12.313
Antioquia,El Bagre,https://www.municipios.com.co/antioquia/el-bagre,Población 37.862
Antioquia,El Carmen De Viboral,https://www.municipios.com.co/antioquia/el-carmen-de-viboral,Población 40.968
Antioquia,El Santuario,https://www.municipios.com.co/antioquia/el-santuario,Población 26.152
Antioquia,Entrerrios,https://www.municipios.com.co/antioquia/entrerrios,Población 8.452
Antioquia,Envigado,https://www.municipios.com.co/antioquia/envigado,Población 175.337
Antioquia,Fredonia,https://www.municipios.com.co/antioquia/fredonia,Población 22.581
Antioquia,Frontino,https://www.municipios.com.co/antioquia/frontino,Población 18.573
Antioquia,Giraldo,https://www.municipios.com.co/antioquia/giraldo,Población 4.146
Antioquia,Girardota,https://www.municipios.com.co/antioquia/girardota,Población 42.818
Antioquia,Gómez Plata,https://www.municipios.com.co/antioquia/gomez-plata,Población 11.229
Antioquia,Granada,https://www.municipios.com.co/antioquia/granada,Población 9.436
Antioquia,Guadalupe,https://www.municipios.com.co/antioquia/guadalupe,Población 6.191
Antioquia,Guarne,https://www.municipios.com.co/antioquia/guarne,Población 39.753
Antioquia,Guatape,https://www.municipios.com.co/antioquia/guatape,Población 5.800
Antioquia,Heliconia,https://www.municipios.com.co/antioquia/heliconia,Población 6.567
Antioquia,Hispania,https://www.municipios.com.co/antioquia/hispania,Población 4.801
Antioquia,Itagüi,https://www.municipios.com.co/antioquia/itagui,Población 233.215
Antioquia,Ituango,https://www.municipios.com.co/antioquia/ituango,Población 24.587
Antioquia,Jardín,https://www.municipios.com.co/antioquia/jardin,Población 14.323
Antioquia,Jericó,https://www.municipios.com.co/antioquia/jerico,Población 12.761
Antioquia,La Ceja,https://www.municipios.com.co/antioquia/la-ceja,Población 46.366
Antioquia,La Estrella,https://www.municipios.com.co/antioquia/la-estrella,Población 52.763
Antioquia,La Pintada,https://www.municipios.com.co/antioquia/la-pintada,Población 6.997
Antioquia,La Unión,https://www.municipios.com.co/antioquia/la-union,Población 17.836
Antioquia,Liborina,https://www.municipios.com.co/antioquia/liborina,Población 9.370
Antioquia,Maceo,https://www.municipios.com.co/antioquia/maceo,Población 7.534
Antioquia,Marinilla,https://www.municipios.com.co/antioquia/marinilla,Población 45.658
Antioquia,Medellín,https://www.municipios.com.co/antioquia/medellin,Población 2.222.213
Antioquia,Montebello,https://www.municipios.com.co/antioquia/montebello,Población 7.389
Antioquia,Murindó,https://www.municipios.com.co/antioquia/murindo,Población 3.499
Antioquia,Mutatá,https://www.municipios.com.co/antioquia/mutata,Población 9.671
Antioquia,Nariño,https://www.municipios.com.co/antioquia/narino,Población 9.043
Antioquia,Nechí,https://www.municipios.com.co/antioquia/nechi,Población 17.789
Antioquia,Necoclí,https://www.municipios.com.co/antioquia/necocli,Población 48.679
Antioquia,Olaya,https://www.municipios.com.co/antioquia/olaya,Población 2.906
Antioquia,Peñol,https://www.municipios.com.co/antioquia/penol,Población 16.177
Antioquia,Peque,https://www.municipios.com.co/antioquia/peque,Población 7.520
Antioquia,Pueblorrico,https://www.municipios.com.co/antioquia/pueblorrico,Población 8.168
Antioquia,Puerto Berrío,https://www.municipios.com.co/antioquia/puerto-berrio,Población 38.944
Antioquia,Puerto Nare,https://www.municipios.com.co/antioquia/puerto-nare,Población 16.711
Antioquia,Puerto Triunfo,https://www.municipios.com.co/antioquia/puerto-triunfo,Población 16.349
Antioquia,Remedios,https://www.municipios.com.co/antioquia/remedios,Población 20.675
Antioquia,Retiro,https://www.municipios.com.co/antioquia/retiro,Población 16.974
Antioquia,Rionegro,https://www.municipios.com.co/antioquia/rionegro,Población 101.046
Antioquia,Sabanalarga,https://www.municipios.com.co/antioquia/sabanalarga,Población 8.136
Antioquia,Sabaneta,https://www.municipios.com.co/antioquia/sabaneta,Población 44.874
Antioquia,Salgar,https://www.municipios.com.co/antioquia/salgar,Población 18.074
Antioquia,San Andrés,https://www.municipios.com.co/antioquia/san-andres,Población 4.629
Antioquia,San Carlos,https://www.municipios.com.co/antioquia/san-carlos,Población 11.854
Antioquia,San Francisco,https://www.municipios.com.co/antioquia/san-francisco,Población 6.273
Antioquia,San Jerónimo,https://www.municipios.com.co/antioquia/san-jeronimo,Población 11.603
Antioquia,San José De La Montaña,https://www.municipios.com.co/antioquia/san-jose-de-la-montana,Población 3.077
Antioquia,San Juan De Urabá,https://www.municipios.com.co/antioquia/san-juan-de-uraba,Población 20.938
Antioquia,San Luis,https://www.municipios.com.co/antioquia/san-luis,Población 10.780
Antioquia,San Pedro,https://www.municipios.com.co/antioquia/san-pedro,Población 22.100
Antioquia,San Pedro De Uraba,https://www.municipios.com.co/antioquia/san-pedro-de-uraba,Población 28.747
Antioquia,San Rafael,https://www.municipios.com.co/antioquia/san-rafael,Población 13.203
Antioquia,San Roque,https://www.municipios.com.co/antioquia/san-roque,Población 17.958
Antioquia,San Vicente,https://www.municipios.com.co/antioquia/san-vicente,Población 19.273
Antioquia,Santa Bárbara,https://www.municipios.com.co/antioquia/santa-barbara,Población 23.442
Antioquia,Santa Rosa De Osos,https://www.municipios.com.co/antioquia/santa-rosa-de-osos,Población 31.028
Antioquia,Santafé De Antioquia,https://www.municipios.com.co/antioquia/santafe-de-antioquia,Población 22.613
Antioquia,Santo Domingo,https://www.municipios.com.co/antioquia/santo-domingo,Población 11.418
Antioquia,Segovia,https://www.municipios.com.co/antioquia/segovia,Población 34.324
Antioquia,Sonsón,https://www.municipios.com.co/antioquia/sonson,Población 37.065
Antioquia,Sopetrán,https://www.municipios.com.co/antioquia/sopetran,Población 13.352
Antioquia,Támesis,https://www.municipios.com.co/antioquia/tamesis,Población 16.212
Antioquia,Tarazá,https://www.municipios.com.co/antioquia/taraza,Población 30.633
Antioquia,Tarso,https://www.municipios.com.co/antioquia/tarso,Población 7.120
Antioquia,Titiribí,https://www.municipios.com.co/antioquia/titiribi,Población 13.324
Antioquia,Toledo,https://www.municipios.com.co/antioquia/toledo,Población 5.129
Antioquia,Turbo,https://www.municipios.com.co/antioquia/turbo,Población 122.780
Antioquia,Uramita,https://www.municipios.com.co/antioquia/uramita,Población 7.262
Antioquia,Urrao,https://www.municipios.com.co/antioquia/urrao,Población 32.439
Antioquia,Valdivia,https://www.municipios.com.co/antioquia/valdivia,Población 16.489
Antioquia,Valparaíso,https://www.municipios.com.co/antioquia/valparaiso,Población 6.281
Antioquia,Vegachí,https://www.municipios.com.co/antioquia/vegachi,Población 11.086
Antioquia,Venecia,https://www.municipios.com.co/antioquia/venecia,Población 13.352
Antioquia,Vigía Del Fuerte,https://www.municipios.com.co/antioquia/vigia-del-fuerte,Población 5.320
Antioquia,Yalí,https://www.municipios.com.co/antioquia/yali,Población 6.273
Antioquia,Yarumal,https://www.municipios.com.co/antioquia/yarumal,Población 31.816
Antioquia,Yolombó,https://www.municipios.com.co/antioquia/yolombo,Población 20.099
Antioquia,Yondó,https://www.municipios.com.co/antioquia/yondo,Población 13.475
Antioquia,Zaragoza,https://www.municipios.com.co/antioquia/zaragoza,Población 25.173
Arauca,Arauca,https://www.municipios.com.co/arauca/arauca,Población 68.222
Arauca,Arauquita,https://www.municipios.com.co/arauca/arauquita,Población 15.951
Arauca,Cravo Norte,https://www.municipios.com.co/arauca/cravo-norte,Población 2.970
Arauca,Fortul,https://www.municipios.com.co/arauca/fortul,Población 4.393
Arauca,Puerto Rondón,https://www.municipios.com.co/arauca/puerto-rondon,Población 2.656
Arauca,Saravena,https://www.municipios.com.co/arauca/saravena,Población 35.279
Arauca,Tame,https://www.municipios.com.co/arauca/tame,Población 23.557
Atlántico,Baranoa,https://www.municipios.com.co/atlantico/baranoa,Población 50.261
Atlántico,Barranquilla,https://www.municipios.com.co/atlantico/barranquilla,Población 1.112.889
Atlántico,Campo De La Cruz,https://www.municipios.com.co/atlantico/campo-de-la-cruz,Población 18.354
Atlántico,Candelaria,https://www.municipios.com.co/atlantico/candelaria,Población 11.635
Atlántico,Galapa,https://www.municipios.com.co/atlantico/galapa,Población 31.596
Atlántico,Juan De Acosta,https://www.municipios.com.co/atlantico/juan-de-acosta,Población 14.184
Atlántico,Luruaco,https://www.municipios.com.co/atlantico/luruaco,Población 22.878
Atlántico,Malambo,https://www.municipios.com.co/atlantico/malambo,Población 99.058
Atlántico,Manatí,https://www.municipios.com.co/atlantico/manati,Población 13.456
Atlántico,Palmar De Varela,https://www.municipios.com.co/atlantico/palmar-de-varela,Población 23.012
Atlántico,Piojó,https://www.municipios.com.co/atlantico/piojo,Población 4.874
Atlántico,Polonuevo,https://www.municipios.com.co/atlantico/polonuevo,Población 13.518
Atlántico,Ponedera,https://www.municipios.com.co/atlantico/ponedera,Población 18.430
Atlántico,Puerto Colombia,https://www.municipios.com.co/atlantico/puerto-colombia,Población 26.932
Atlántico,Repelón,https://www.municipios.com.co/atlantico/repelon,Población 22.196
Atlántico,Sabanagrande,https://www.municipios.com.co/atlantico/sabanagrande,Población 24.880
Atlántico,Sabanalarga,https://www.municipios.com.co/atlantico/sabanalarga,Población 84.410
Atlántico,Santa Lucía,https://www.municipios.com.co/atlantico/santa-lucia,Población 11.947
Atlántico,Santo Tomás,https://www.municipios.com.co/atlantico/santo-tomas,Población 23.188
Atlántico,Soledad,https://www.municipios.com.co/atlantico/soledad,Población 455.796
Atlántico,Suan,https://www.municipios.com.co/atlantico/suan,Población 9.344
Atlántico,Tubará,https://www.municipios.com.co/atlantico/tubara,Población 10.602
Atlántico,Usiacurí,https://www.municipios.com.co/atlantico/usiacuri,Población 8.561
Bolívar,Achí,https://www.municipios.com.co/bolivar/achi,Población 19.629
Bolívar,Altos Del Rosario,https://www.municipios.com.co/bolivar/altos-del-rosario,Población 10.695
Bolívar,Arenal,https://www.municipios.com.co/bolivar/arenal,Población 7.364
Bolívar,Arjona,https://www.municipios.com.co/bolivar/arjona,Población 60.600
Bolívar,Arroyohondo,https://www.municipios.com.co/bolivar/arroyohondo,Población 8.825
Bolívar,Barranco De Loba,https://www.municipios.com.co/bolivar/barranco-de-loba,Población 15.186
Bolívar,Calamar,https://www.municipios.com.co/bolivar/calamar,Población 20.771
Bolívar,Cantagallo,https://www.municipios.com.co/bolivar/cantagallo,Población 7.839
Bolívar,Cartagena,https://www.municipios.com.co/bolivar/cartagena,Población 895.400
Bolívar,Cicuco,https://www.municipios.com.co/bolivar/cicuco,Población 10.981
Bolívar,Clemencia,https://www.municipios.com.co/bolivar/clemencia,Población 11.699
Bolívar,Córdoba,https://www.municipios.com.co/bolivar/cordoba,Población 12.824
Bolívar,El Carmen De Bolívar,https://www.municipios.com.co/bolivar/el-carmen-de-bolivar,Población 66.001
Bolívar,El Guamo,https://www.municipios.com.co/bolivar/el-guamo,Población 7.754
Bolívar,El Peñón,https://www.municipios.com.co/bolivar/el-penon,Población 7.871
Bolívar,Hatillo De Loba,https://www.municipios.com.co/bolivar/hatillo-de-loba,Población 11.316
Bolívar,Magangué,https://www.municipios.com.co/bolivar/magangue,Población 121.085
Bolívar,Mahates,https://www.municipios.com.co/bolivar/mahates,Población 22.983
Bolívar,Margarita,https://www.municipios.com.co/bolivar/margarita,Población 9.368
Bolívar,María La Baja,https://www.municipios.com.co/bolivar/maria-la-baja,Población 45.262
Bolívar,Mompós,https://www.municipios.com.co/bolivar/mompos,Población 41.326
Bolívar,Montecristo,https://www.municipios.com.co/bolivar/montecristo,Población 11.212
Bolívar,Morales,https://www.municipios.com.co/bolivar/morales,Población 13.254
Bolívar,Pinillos,https://www.municipios.com.co/bolivar/pinillos,Población 22.714
Bolívar,Regidor,https://www.municipios.com.co/bolivar/regidor,Población 4.511
Bolívar,Río Viejo,https://www.municipios.com.co/bolivar/rio-viejo,Población 15.243
Bolívar,San Cristóbal,https://www.municipios.com.co/bolivar/san-cristobal,Población 6.578
Bolívar,San Estanislao,https://www.municipios.com.co/bolivar/san-estanislao,Población 15.269
Bolívar,San Fernando,https://www.municipios.com.co/bolivar/san-fernando,Población 12.632
Bolívar,San Jacinto,https://www.municipios.com.co/bolivar/san-jacinto,Población 21.218
Bolívar,San Jacinto Del Cauca,https://www.municipios.com.co/bolivar/san-jacinto-del-cauca,Población 7.204
Bolívar,San Juan Nepomuceno,https://www.municipios.com.co/bolivar/san-juan-nepomuceno,Población 32.296
Bolívar,San Martín De Loba,https://www.municipios.com.co/bolivar/san-martin-de-loba,Población 14.365
Bolívar,San Pablo,https://www.municipios.com.co/bolivar/san-pablo,Población 27.108
Bolívar,Santa Catalina,https://www.municipios.com.co/bolivar/santa-catalina,Población 12.042
Bolívar,Santa Rosa,https://www.municipios.com.co/bolivar/santa-rosa,Población 18.365
Bolívar,Santa Rosa Del Sur,https://www.municipios.com.co/bolivar/santa-rosa-del-sur,Población 40.200
Bolívar,Simití,https://www.municipios.com.co/bolivar/simiti,Población 18.139
Bolívar,Soplaviento,https://www.municipios.com.co/bolivar/soplaviento,Población 8.303
Bolívar,Talaigua Nuevo,https://www.municipios.com.co/bolivar/talaigua-nuevo,Población 10.973
Bolívar,Tiquisio,https://www.municipios.com.co/bolivar/tiquisio,Población 18.714
Bolívar,Turbaco,https://www.municipios.com.co/bolivar/turbaco,Población 63.450
Bolívar,Turbaná,https://www.municipios.com.co/bolivar/turbana,Población 13.507
Bolívar,Villanueva,https://www.municipios.com.co/bolivar/villanueva,Población 17.622
Bolívar,Zambrano,https://www.municipios.com.co/bolivar/zambrano,Población 10.246
Boyacá,Almeida,https://www.municipios.com.co/boyaca/almeida,Población 2.171
Boyacá,Aquitania,https://www.municipios.com.co/boyaca/aquitania,Población 16.087
Boyacá,Arcabuco,https://www.municipios.com.co/boyaca/arcabuco,Población 5.090
Boyacá,Belén,https://www.municipios.com.co/boyaca/belen,Población 8.471
Boyacá,Berbeo,https://www.municipios.com.co/boyaca/berbeo,Población 1.862
Boyacá,Betéitiva,https://www.municipios.com.co/boyaca/beteitiva,Población 2.413
Boyacá,Boavita,https://www.municipios.com.co/boyaca/boavita,Población 6.467
Boyacá,Boyacá,https://www.municipios.com.co/boyaca/boyaca,Población 4.947
Boyacá,Briceño,https://www.municipios.com.co/boyaca/briceno,Población 2.669
Boyacá,Buenavista,https://www.municipios.com.co/boyaca/buenavista,Población 5.759
Boyacá,Busbanzá,https://www.municipios.com.co/boyaca/busbanza,Población 875
Boyacá,Caldas,https://www.municipios.com.co/boyaca/caldas,Población 3.893
Boyacá,Campohermoso,https://www.municipios.com.co/boyaca/campohermoso,Población 3.949
Boyacá,Cerinza,https://www.municipios.com.co/boyaca/cerinza,Población 4.199
Boyacá,Chinavita,https://www.municipios.com.co/boyaca/chinavita,Población 3.651
Boyacá,Chiquinquirá,https://www.municipios.com.co/boyaca/chiquinquira,Población 54.949
Boyacá,Chíquiza,https://www.municipios.com.co/boyaca/chiquiza,Población 5.916
Boyacá,Chiscas,https://www.municipios.com.co/boyaca/chiscas,Población 5.175
Boyacá,Chita,https://www.municipios.com.co/boyaca/chita,Población 10.405
Boyacá,Chitaraque,https://www.municipios.com.co/boyaca/chitaraque,Población 6.500
Boyacá,Chivatá,https://www.municipios.com.co/boyaca/chivata,Población 4.977
Boyacá,Chivor,https://www.municipios.com.co/boyaca/chivor,Población 2.126
Boyacá,Ciénega,https://www.municipios.com.co/boyaca/cienega,Población 5.096
Boyacá,Cómbita,https://www.municipios.com.co/boyaca/combita,Población 12.752
Boyacá,Coper,https://www.municipios.com.co/boyaca/coper,Población 4.047
Boyacá,Corrales,https://www.municipios.com.co/boyaca/corrales,Población 2.481
Boyacá,Covarachía,https://www.municipios.com.co/boyaca/covarachia,Población 3.205
Boyacá,Cubará,https://www.municipios.com.co/boyaca/cubara,Población 6.462
Boyacá,Cucaita,https://www.municipios.com.co/boyaca/cucaita,Población 4.474
Boyacá,Cuítiva,https://www.municipios.com.co/boyaca/cuitiva,Población 1.969
Boyacá,Duitama,https://www.municipios.com.co/boyaca/duitama,Población 105.407
Boyacá,El Cocuy,https://www.municipios.com.co/boyaca/el-cocuy,Población 5.383
Boyacá,El Espino,https://www.municipios.com.co/boyaca/el-espino,Población 3.914
Boyacá,Firavitoba,https://www.municipios.com.co/boyaca/firavitoba,Población 6.177
Boyacá,Floresta,https://www.municipios.com.co/boyaca/floresta,Población 3.833
Boyacá,Gachantivá,https://www.municipios.com.co/boyaca/gachantiva,Población 2.985
Boyacá,Gameza,https://www.municipios.com.co/boyaca/gameza,Población 4.895
Boyacá,Garagoa,https://www.municipios.com.co/boyaca/garagoa,Población 16.195
Boyacá,Guacamayas,https://www.municipios.com.co/boyaca/guacamayas,Población 2.042
Boyacá,Guateque,https://www.municipios.com.co/boyaca/guateque,Población 9.921
Boyacá,Guayatá,https://www.municipios.com.co/boyaca/guayata,Población 6.018
Boyacá,Güicán,https://www.municipios.com.co/boyaca/guican,Población 5.920
Boyacá,Iza,https://www.municipios.com.co/boyaca/iza,Población 2.081
Boyacá,Jenesano,https://www.municipios.com.co/boyaca/jenesano,Población 7.287
Boyacá,Jericó,https://www.municipios.com.co/boyaca/jerico,Población 4.538
Boyacá,La Capilla,https://www.municipios.com.co/boyaca/la-capilla,Población 3.052
Boyacá,La Uvita,https://www.municipios.com.co/boyaca/la-uvita,Población 3.390
Boyacá,La Victoria,https://www.municipios.com.co/boyaca/la-victoria,Población 1.645
Boyacá,Labranzagrande,https://www.municipios.com.co/boyaca/labranzagrande,Población 5.231
Boyacá,Macanal,https://www.municipios.com.co/boyaca/macanal,Población 4.611
Boyacá,Maripí,https://www.municipios.com.co/boyaca/maripi,Población 7.680
Boyacá,Miraflores,https://www.municipios.com.co/boyaca/miraflores,Población 9.455
Boyacá,Mongua,https://www.municipios.com.co/boyaca/mongua,Población 5.080
Boyacá,Monguí,https://www.municipios.com.co/boyaca/mongui,Población 4.901
Boyacá,Moniquirá,https://www.municipios.com.co/boyaca/moniquira,Población 21.377
Boyacá,Motavita,https://www.municipios.com.co/boyaca/motavita,Población 5.926
Boyacá,Muzo,https://www.municipios.com.co/boyaca/muzo,Población 9.834
Boyacá,Nobsa,https://www.municipios.com.co/boyaca/nobsa,Población 14.969
Boyacá,Nuevo Colón,https://www.municipios.com.co/boyaca/nuevo-colon,Población 5.962
Boyacá,Oicatá,https://www.municipios.com.co/boyaca/oicata,Población 2.770
Boyacá,Otanche,https://www.municipios.com.co/boyaca/otanche,Población 10.244
Boyacá,Pachavita,https://www.municipios.com.co/boyaca/pachavita,Población 2.968
Boyacá,Páez,https://www.municipios.com.co/boyaca/paez,Población 3.242
Boyacá,Paipa,https://www.municipios.com.co/boyaca/paipa,Población 27.274
Boyacá,Pajarito,https://www.municipios.com.co/boyaca/pajarito,Población 2.168
Boyacá,Panqueba,https://www.municipios.com.co/boyaca/panqueba,Población 1.781
Boyacá,Pauna,https://www.municipios.com.co/boyaca/pauna,Población 10.155
Boyacá,Paya,https://www.municipios.com.co/boyaca/paya,Población 2.587
Boyacá,Paz De Río,https://www.municipios.com.co/boyaca/paz-de-rio,Población 5.083
Boyacá,Pesca,https://www.municipios.com.co/boyaca/pesca,Población 9.322
Boyacá,Pisba,https://www.municipios.com.co/boyaca/pisba,Población 1.481
Boyacá,Puerto Boyacá,https://www.municipios.com.co/boyaca/puerto-boyaca,Población 49.912
Boyacá,Quípama,https://www.municipios.com.co/boyaca/quipama,Población 8.405
Boyacá,Ramiriquí,https://www.municipios.com.co/boyaca/ramiriqui,Población 9.700
Boyacá,Ráquira,https://www.municipios.com.co/boyaca/raquira,Población 12.299
Boyacá,Rondón,https://www.municipios.com.co/boyaca/rondon,Población 2.934
Boyacá,Saboyá,https://www.municipios.com.co/boyaca/saboya,Población 12.611
Boyacá,Sáchica,https://www.municipios.com.co/boyaca/sachica,Población 3.783
Boyacá,Samacá,https://www.municipios.com.co/boyaca/samaca,Población 17.352
Boyacá,San Eduardo,https://www.municipios.com.co/boyaca/san-eduardo,Población 1.867
Boyacá,San José De Pare,https://www.municipios.com.co/boyaca/san-jose-de-pare,Población 5.586
Boyacá,San Luis De Gaceno,https://www.municipios.com.co/boyaca/san-luis-de-gaceno,Población 6.158
Boyacá,San Mateo,https://www.municipios.com.co/boyaca/san-mateo,Población 4.551
Boyacá,San Miguel De Sema,https://www.municipios.com.co/boyaca/san-miguel-de-sema,Población 4.028
Boyacá,San Pablo De Borbur,https://www.municipios.com.co/boyaca/san-pablo-de-borbur,Población 9.867
Boyacá,Santa María,https://www.municipios.com.co/boyaca/santa-maria,Población 4.498
Boyacá,Santa Rosa De Viterbo,https://www.municipios.com.co/boyaca/santa-rosa-de-viterbo,Población 11.821
Boyacá,Santa Sofía,https://www.municipios.com.co/boyaca/santa-sofia,Población 3.012
Boyacá,Santana,https://www.municipios.com.co/boyaca/santana,Población 7.680
Boyacá,Sativanorte,https://www.municipios.com.co/boyaca/sativanorte,Población 2.661
Boyacá,Sativasur,https://www.municipios.com.co/boyaca/sativasur,Población 1.294
Boyacá,Siachoque,https://www.municipios.com.co/boyaca/siachoque,Población 7.630
Boyacá,Soatá,https://www.municipios.com.co/boyaca/soata,Población 8.730
Boyacá,Socha,https://www.municipios.com.co/boyaca/socha,Población 7.364
Boyacá,Socotá,https://www.municipios.com.co/boyaca/socota,Población 9.812
Boyacá,Sogamoso,https://www.municipios.com.co/boyaca/sogamoso,Población 114.486
Boyacá,Somondoco,https://www.municipios.com.co/boyaca/somondoco,Población 3.246
Boyacá,Sora,https://www.municipios.com.co/boyaca/sora,Población 2.916
Boyacá,Soracá,https://www.municipios.com.co/boyaca/soraca,Población 5.805
Boyacá,Sotaquirá,https://www.municipios.com.co/boyaca/sotaquira,Población 8.303
Boyacá,Susacón,https://www.municipios.com.co/boyaca/susacon,Población 3.550
Boyacá,Sutamarchán,https://www.municipios.com.co/boyaca/sutamarchan,Población 5.624
Boyacá,Sutatenza,https://www.municipios.com.co/boyaca/sutatenza,Población 4.444
Boyacá,Tasco,https://www.municipios.com.co/boyaca/tasco,Población 6.707
Boyacá,Tenza,https://www.municipios.com.co/boyaca/tenza,Población 4.513
Boyacá,Tibaná,https://www.municipios.com.co/boyaca/tibana,Población 9.464
Boyacá,Tibasosa,https://www.municipios.com.co/boyaca/tibasosa,Población 12.463
Boyacá,Tinjacá,https://www.municipios.com.co/boyaca/tinjaca,Población 2.889
Boyacá,Tipacoque,https://www.municipios.com.co/boyaca/tipacoque,Población 3.730
Boyacá,Toca,https://www.municipios.com.co/boyaca/toca,Población 8.749
Boyacá,Togüí,https://www.municipios.com.co/boyaca/togui,Población 5.099
Boyacá,Tópaga,https://www.municipios.com.co/boyaca/topaga,Población 3.608
Boyacá,Tota,https://www.municipios.com.co/boyaca/tota,Población 5.531
Boyacá,Tunja,https://www.municipios.com.co/boyaca/tunja,Población 152.419
Boyacá,Tununguá,https://www.municipios.com.co/boyaca/tunungua,Población 1.610
Boyacá,Turmequé,https://www.municipios.com.co/boyaca/turmeque,Población 7.347
Boyacá,Tuta,https://www.municipios.com.co/boyaca/tuta,Población 8.823
Boyacá,Tutazá,https://www.municipios.com.co/boyaca/tutaza,Población 2.185
Boyacá,Umbita,https://www.municipios.com.co/boyaca/umbita,Población 9.888
Boyacá,Ventaquemada,https://www.municipios.com.co/boyaca/ventaquemada,Población 14.166
Boyacá,Villa De Leyva,https://www.municipios.com.co/boyaca/villa-de-leyva,Población 9.645
Boyacá,Viracachá,https://www.municipios.com.co/boyaca/viracacha,Población 3.380
Boyacá,Zetaquira,https://www.municipios.com.co/boyaca/zetaquira,Población 5.016
Caldas,Aguadas,https://www.municipios.com.co/caldas/aguadas,Población 22.307
Caldas,Anserma,https://www.municipios.com.co/caldas/anserma,Población 33.674
Caldas,Aranzazu,https://www.municipios.com.co/caldas/aranzazu,Población 12.181
Caldas,Belalcázar,https://www.municipios.com.co/caldas/belalcazar,Población 11.327
Caldas,Chinchiná,https://www.municipios.com.co/caldas/chinchina,Población 51.301
Caldas,Filadelfia,https://www.municipios.com.co/caldas/filadelfia,Población 12.235
Caldas,La Dorada,https://www.municipios.com.co/caldas/la-dorada,Población 70.486
Caldas,La Merced,https://www.municipios.com.co/caldas/la-merced,Población 6.324
Caldas,Manizales,https://www.municipios.com.co/caldas/manizales,Población 368.433
Caldas,Manzanares,https://www.municipios.com.co/caldas/manzanares,Población 18.143
Caldas,Marmato,https://www.municipios.com.co/caldas/marmato,Población 8.175
Caldas,Marquetalia,https://www.municipios.com.co/caldas/marquetalia,Población 13.880
Caldas,Marulanda,https://www.municipios.com.co/caldas/marulanda,Población 2.702
Caldas,Neira,https://www.municipios.com.co/caldas/neira,Población 27.250
Caldas,Norcasia,https://www.municipios.com.co/caldas/norcasia,Población 6.523
Caldas,Pácora,https://www.municipios.com.co/caldas/pacora,Población 14.448
Caldas,Palestina,https://www.municipios.com.co/caldas/palestina,Población 17.310
Caldas,Pensilvania,https://www.municipios.com.co/caldas/pensilvania,Población 23.575
Caldas,Riosucio,https://www.municipios.com.co/caldas/riosucio,Población 35.843
Caldas,Risaralda,https://www.municipios.com.co/caldas/risaralda,Población 10.175
Caldas,Salamina,https://www.municipios.com.co/caldas/salamina,Población 18.281
Caldas,Samaná,https://www.municipios.com.co/caldas/samana,Población 18.295
Caldas,San José,https://www.municipios.com.co/caldas/san-jose,Población 5.951
Caldas,Supía,https://www.municipios.com.co/caldas/supia,Población 24.072
Caldas,Victoria,https://www.municipios.com.co/caldas/victoria,Población 8.756
Caldas,Villamaría,https://www.municipios.com.co/caldas/villamaria,Población 45.038
Caldas,Viterbo,https://www.municipios.com.co/caldas/viterbo,Población 11.805
Caquetá,Albania,https://www.municipios.com.co/caqueta/albania,Población 6.036
Caquetá,Belén De Los Andaquies,https://www.municipios.com.co/caqueta/belen-de-los-andaquies,Población 10.809
Caquetá,Cartagena Del Chairá,https://www.municipios.com.co/caqueta/cartagena-del-chaira,Población 20.219
Caquetá,Curillo,https://www.municipios.com.co/caqueta/curillo,Población 7.334
Caquetá,El Doncello,https://www.municipios.com.co/caqueta/el-doncello,Población 18.732
Caquetá,El Paujil,https://www.municipios.com.co/caqueta/el-paujil,Población 14.852
Caquetá,Florencia,https://www.municipios.com.co/caqueta/florencia,Población 137.896
Caquetá,La Montañita,https://www.municipios.com.co/caqueta/la-montanita,Población 15.725
Caquetá,Milán,https://www.municipios.com.co/caqueta/milan,Población 7.421
Caquetá,Morelia,https://www.municipios.com.co/caqueta/morelia,Población 3.580
Caquetá,Puerto Rico,https://www.municipios.com.co/caqueta/puerto-rico,Población 17.924
Caquetá,San José Del Fragua,https://www.municipios.com.co/caqueta/san-jose-del-fragua,Población 9.363
Caquetá,San Vicente Del Caguán,https://www.municipios.com.co/caqueta/san-vicente-del-caguan,Población 42.374
Caquetá,Solano,https://www.municipios.com.co/caqueta/solano,Población 10.625
Caquetá,Solita,https://www.municipios.com.co/caqueta/solita,Población 7.397
Caquetá,Valparaíso,https://www.municipios.com.co/caqueta/valparaiso,Población 7.645
Casanare,Aguazul,https://www.municipios.com.co/casanare/aguazul,Población 27.443
Casanare,Chameza,https://www.municipios.com.co/casanare/chameza,Población 1.697
Casanare,Hato Corozal,https://www.municipios.com.co/casanare/hato-corozal,Población 9.618
Casanare,La Salina,https://www.municipios.com.co/casanare/la-salina,Población 1.236
Casanare,Maní,https://www.municipios.com.co/casanare/mani,Población 10.493
Casanare,Monterrey,https://www.municipios.com.co/casanare/monterrey,Población 11.421
Casanare,Nunchía,https://www.municipios.com.co/casanare/nunchia,Población 7.909
Casanare,Orocué,https://www.municipios.com.co/casanare/orocue,Población 7.324
Casanare,Paz De Ariporo,https://www.municipios.com.co/casanare/paz-de-ariporo,Población 25.324
Casanare,Pore,https://www.municipios.com.co/casanare/pore,Población 7.490
Casanare,Recetor,https://www.municipios.com.co/casanare/recetor,Población 1.544
Casanare,Sabanalarga,https://www.municipios.com.co/casanare/sabanalarga,Población 3.232
Casanare,Sácama,https://www.municipios.com.co/casanare/sacama,Población 1.638
Casanare,San Luis De Palenque,https://www.municipios.com.co/casanare/san-luis-de-palenque,Población 6.982
Casanare,Támara,https://www.municipios.com.co/casanare/tamara,Población 6.480
Casanare,Tauramena,https://www.municipios.com.co/casanare/tauramena,Población 15.896
Casanare,Trinidad,https://www.municipios.com.co/casanare/trinidad,Población 11.083
Casanare,Villanueva,https://www.municipios.com.co/casanare/villanueva,Población 20.730
Casanare,Yopal,https://www.municipios.com.co/casanare/yopal,Población 103.754
Cauca,Almaguer,https://www.municipios.com.co/cauca/almaguer,Población 18.393
Cauca,Argelia,https://www.municipios.com.co/cauca/argelia,Población 290
Cauca,Balboa,https://www.municipios.com.co/cauca/balboa,Población 23.699
Cauca,Bolívar,https://www.municipios.com.co/cauca/bolivar,Población 43.461
Cauca,Buenos Aires,https://www.municipios.com.co/cauca/buenos-aires,Población 22.804
Cauca,Cajibío,https://www.municipios.com.co/cauca/cajibio,Población 34.818
Cauca,Caldonó,https://www.municipios.com.co/cauca/caldono,Población 31.045
Cauca,Caloto,https://www.municipios.com.co/cauca/caloto,Población 36.901
Cauca,Corinto,https://www.municipios.com.co/cauca/corinto,Población 22.825
Cauca,El Tambo,https://www.municipios.com.co/cauca/el-tambo,Población 34.258
Cauca,Florencia,https://www.municipios.com.co/cauca/florencia,Población 6.014
Cauca,Guapi,https://www.municipios.com.co/cauca/guapi,Población 28.649
Cauca,Inzá,https://www.municipios.com.co/cauca/inza,Población 27.172
Cauca,Jambaló,https://www.municipios.com.co/cauca/jambalo,Población 14.831
Cauca,La Sierra,https://www.municipios.com.co/cauca/la-sierra,Población 10.844
Cauca,La Vega,https://www.municipios.com.co/cauca/la-vega,Población 33.133
Cauca,López de Micay,https://www.municipios.com.co/cauca/lopez-de-micay,Población 12.950
Cauca,Mercaderes,https://www.municipios.com.co/cauca/mercaderes,Población 17.670
Cauca,Miranda,https://www.municipios.com.co/cauca/miranda,Población 31.967
Cauca,Morales,https://www.municipios.com.co/cauca/morales,Población 24.381
Cauca,Padilla,https://www.municipios.com.co/cauca/padilla,Población 8.279
Cauca,Paez,https://www.municipios.com.co/cauca/paez,Población 31.548
Cauca,Patía,https://www.municipios.com.co/cauca/patia,Población 20.807
Cauca,Piamonte,https://www.municipios.com.co/cauca/piamonte,Población 1.387
Cauca,Piendamó,https://www.municipios.com.co/cauca/piendamo,Población 36.225
Cauca,Popayán,https://www.municipios.com.co/cauca/popayan,Población 258.653
Cauca,Puerto Tejada,https://www.municipios.com.co/cauca/puerto-tejada,Población 44.220
Cauca,Puracé,https://www.municipios.com.co/cauca/purace,Población 14.923
Cauca,Rosas,https://www.municipios.com.co/cauca/rosas,Población 11.421
Cauca,San Sebastián,https://www.municipios.com.co/cauca/san-sebastian,Población 12.976
Cauca,Santa Rosa,https://www.municipios.com.co/cauca/santa-rosa,Población 5.300
Cauca,Santander De Quilichao,https://www.municipios.com.co/cauca/santander-de-quilichao,Población 80.653
Cauca,Silvia,https://www.municipios.com.co/cauca/silvia,Población 30.826
Cauca,Sotará,https://www.municipios.com.co/cauca/sotara,Población 15.894
Cauca,Suárez,https://www.municipios.com.co/cauca/suarez,Población 19.002
Cauca,Sucre,https://www.municipios.com.co/cauca/sucre,Población 7.907
Cauca,Timbío,https://www.municipios.com.co/cauca/timbio,Población 30.222
Cauca,Timbiquí,https://www.municipios.com.co/cauca/timbiqui,Población 17.069
Cauca,Toribío,https://www.municipios.com.co/cauca/toribio,Población 26.616
Cauca,Totoró,https://www.municipios.com.co/cauca/totoro,Población 17.611
Cauca,Villa Rica,https://www.municipios.com.co/cauca/villa-rica,Población 14.378
Cesar,Aguachica,https://www.municipios.com.co/cesar/aguachica,Población 80.789
Cesar,Agustín Codazzi,https://www.municipios.com.co/cesar/agustin-codazzi,Población 52.219
Cesar,Astrea,https://www.municipios.com.co/cesar/astrea,Población 17.786
Cesar,Becerril,https://www.municipios.com.co/cesar/becerril,Población 13.584
Cesar,Bosconia,https://www.municipios.com.co/cesar/bosconia,Población 30.334
Cesar,Chimichagua,https://www.municipios.com.co/cesar/chimichagua,Población 30.116
Cesar,Chiriguaná,https://www.municipios.com.co/cesar/chiriguana,Población 21.494
Cesar,Curumaní,https://www.municipios.com.co/cesar/curumani,Población 26.740
Cesar,El Copey,https://www.municipios.com.co/cesar/el-copey,Población 24.368
Cesar,El Paso,https://www.municipios.com.co/cesar/el-paso,Población 20.292
Cesar,Gamarra,https://www.municipios.com.co/cesar/gamarra,Población 14.224
Cesar,González,https://www.municipios.com.co/cesar/gonzalez,Población 8.859
Cesar,La Gloria,https://www.municipios.com.co/cesar/la-gloria,Población 14.173
Cesar,La Jagua De Ibirico,https://www.municipios.com.co/cesar/la-jagua-de-ibirico,Población 21.386
Cesar,La Paz,https://www.municipios.com.co/cesar/la-paz,Población 20.596
Cesar,Manaure,https://www.municipios.com.co/cesar/manaure,Población 6.883
Cesar,Pailitas,https://www.municipios.com.co/cesar/pailitas,Población 15.578
Cesar,Pelaya,https://www.municipios.com.co/cesar/pelaya,Población 15.458
Cesar,Pueblo Bello,https://www.municipios.com.co/cesar/pueblo-bello,Población 16.942
Cesar,Río De Oro,https://www.municipios.com.co/cesar/rio-de-oro,Población 14.023
Cesar,San Alberto,https://www.municipios.com.co/cesar/san-alberto,Población 19.656
Cesar,San Diego,https://www.municipios.com.co/cesar/san-diego,Población 13.390
Cesar,San Martín,https://www.municipios.com.co/cesar/san-martin,Población 16.921
Cesar,Tamalameque,https://www.municipios.com.co/cesar/tamalameque,Población 13.636
Cesar,Valledupar,https://www.municipios.com.co/cesar/valledupar,Población 348.990
Chocó,Acandí,https://www.municipios.com.co/choco/acandi,Población 9.091
Chocó,Alto Baudó,https://www.municipios.com.co/choco/alto-baudo,Población 28.502
Chocó,Atrato,https://www.municipios.com.co/choco/atrato,Población 5.295
Chocó,Bagadó,https://www.municipios.com.co/choco/bagado,Población 8.174
Chocó,Bahía Solano,https://www.municipios.com.co/choco/bahia-solano,Población 8.785
Chocó,Bajo Baudó,https://www.municipios.com.co/choco/bajo-baudo,Población 15.919
Chocó,Bojaya,https://www.municipios.com.co/choco/bojaya,Población 13.268
Chocó,Carmen Del Darién,https://www.municipios.com.co/choco/carmen-del-darien,Población 8.796
Chocó,Cértegui,https://www.municipios.com.co/choco/certegui,Población 4.191
Chocó,Condoto,https://www.municipios.com.co/choco/condoto,Población 6.797
Chocó,El Cantón Del San Pablo,https://www.municipios.com.co/choco/el-canton-del-san-pablo,Población 12.404
Chocó,El Carmen De Atrato,https://www.municipios.com.co/choco/el-carmen-de-atrato,Población 4.413
Chocó,El Litoral Del San Juan,https://www.municipios.com.co/choco/el-litoral-del-san-juan,Población 7.076
Chocó,Istmina,https://www.municipios.com.co/choco/istmina,Población 7.176
Chocó,Juradó,https://www.municipios.com.co/choco/jurado,Población 23.359
Chocó,Lloró,https://www.municipios.com.co/choco/lloro,Población 2.792
Chocó,Medio Atrato,https://www.municipios.com.co/choco/medio-atrato,Población 8.072
Chocó,Medio Baudó,https://www.municipios.com.co/choco/medio-baudo,Población 9.056
Chocó,Medio San Juan,https://www.municipios.com.co/choco/medio-san-juan,Población 9.358
Chocó,Nóvita,https://www.municipios.com.co/choco/novita,Población 10.247
Chocó,Nuquí,https://www.municipios.com.co/choco/nuqui,Población 5.708
Chocó,Quibdó,https://www.municipios.com.co/choco/quibdo,Población 6.295
Chocó,Río Iro,https://www.municipios.com.co/choco/rio-iro,Población 109.121
Chocó,Río Quito,https://www.municipios.com.co/choco/rio-quito,Población 5.844
Chocó,Riosucio,https://www.municipios.com.co/choco/riosucio,Población 6.069
Chocó,San José Del Palmar,https://www.municipios.com.co/choco/san-jose-del-palmar,Población 13.831
Chocó,Sipí,https://www.municipios.com.co/choco/sipi,Población 3.998
Chocó,Tadó,https://www.municipios.com.co/choco/tado,Población 2.848
Chocó,Unguía,https://www.municipios.com.co/choco/unguia,Población 15.962
Chocó,Unión Panamericana,https://www.municipios.com.co/choco/union-panamericana,Población 10.446
Cundinamarca,Agua De Dios,https://www.municipios.com.co/cundinamarca/agua-de-dios,Población 11.515
Cundinamarca,Albán,https://www.municipios.com.co/cundinamarca/alban,Población 5.820
Cundinamarca,Anapoima,https://www.municipios.com.co/cundinamarca/anapoima,Población 11.337
Cundinamarca,Anolaima,https://www.municipios.com.co/cundinamarca/anolaima,Población 12.911
Cundinamarca,Apulo,https://www.municipios.com.co/cundinamarca/apulo,Población 7.630
Cundinamarca,Arbeláez,https://www.municipios.com.co/cundinamarca/arbelaez,Población 11.355
Cundinamarca,Beltrán,https://www.municipios.com.co/cundinamarca/beltran,Población 1.908
Cundinamarca,Bituima,https://www.municipios.com.co/cundinamarca/bituima,Población 2.565
Cundinamarca,Bogotá,https://www.municipios.com.co/cundinamarca/bogota,Población 6.778.691
Cundinamarca,Bojacá,https://www.municipios.com.co/cundinamarca/bojaca,Población 8.788
Cundinamarca,Cabrera,https://www.municipios.com.co/cundinamarca/cabrera,Población 4.557
Cundinamarca,Cachipay,https://www.municipios.com.co/cundinamarca/cachipay,Población 9.737
Cundinamarca,Cajicá,https://www.municipios.com.co/cundinamarca/cajica,Población 44.721
Cundinamarca,Caparrapí,https://www.municipios.com.co/cundinamarca/caparrapi,Población 13.788
Cundinamarca,Cáqueza,https://www.municipios.com.co/cundinamarca/caqueza,Población 15.999
Cundinamarca,Carmen De Carupa,https://www.municipios.com.co/cundinamarca/carmen-de-carupa,Población 8.247
Cundinamarca,Chaguaní,https://www.municipios.com.co/cundinamarca/chaguani,Población 3.935
Cundinamarca,Chía,https://www.municipios.com.co/cundinamarca/chia,Población 97.444
Cundinamarca,Chipaque,https://www.municipios.com.co/cundinamarca/chipaque,Población 8.191
Cundinamarca,Choachí,https://www.municipios.com.co/cundinamarca/choachi,Población 10.874
Cundinamarca,Chocontá,https://www.municipios.com.co/cundinamarca/choconta,Población 19.054
Cundinamarca,Cogua,https://www.municipios.com.co/cundinamarca/cogua,Población 18.093
Cundinamarca,Cota,https://www.municipios.com.co/cundinamarca/cota,Población 19.664
Cundinamarca,Cucunubá,https://www.municipios.com.co/cundinamarca/cucunuba,Población 6.777
Cundinamarca,El Colegio,https://www.municipios.com.co/cundinamarca/el-colegio,Población 20.020
Cundinamarca,El Peñón,https://www.municipios.com.co/cundinamarca/el-penon,Población 4.796
Cundinamarca,El Rosal,https://www.municipios.com.co/cundinamarca/el-rosal,Población 13.432
Cundinamarca,Facatativá,https://www.municipios.com.co/cundinamarca/facatativa,Población 106.067
Cundinamarca,Fomeque,https://www.municipios.com.co/cundinamarca/fomeque,Población 11.669
Cundinamarca,Fosca,https://www.municipios.com.co/cundinamarca/fosca,Población 6.506
Cundinamarca,Funza,https://www.municipios.com.co/cundinamarca/funza,Población 60.571
Cundinamarca,Fúquene,https://www.municipios.com.co/cundinamarca/fuquene,Población 5.088
Cundinamarca,Fusagasugá,https://www.municipios.com.co/cundinamarca/fusagasuga,Población 107.259
Cundinamarca,Gachalá,https://www.municipios.com.co/cundinamarca/gachala,Población 5.751
Cundinamarca,Gachancipá,https://www.municipios.com.co/cundinamarca/gachancipa,Población 10.792
Cundinamarca,Gachetá,https://www.municipios.com.co/cundinamarca/gacheta,Población 10.199
Cundinamarca,Gama,https://www.municipios.com.co/cundinamarca/gama,Población 3.776
Cundinamarca,Girardot,https://www.municipios.com.co/cundinamarca/girardot,Población 95.496
Cundinamarca,Granada,https://www.municipios.com.co/cundinamarca/granada,Población 6.799
Cundinamarca,Guachetá,https://www.municipios.com.co/cundinamarca/guacheta,Población 11.230
Cundinamarca,Guaduas,https://www.municipios.com.co/cundinamarca/guaduas,Población 31.250
Cundinamarca,Guasca,https://www.municipios.com.co/cundinamarca/guasca,Población 12.208
Cundinamarca,Guataquí,https://www.municipios.com.co/cundinamarca/guataqui,Población 2.223
Cundinamarca,Guatavita,https://www.municipios.com.co/cundinamarca/guatavita,Población 5.715
Cundinamarca,Guayabal De Siquima,https://www.municipios.com.co/cundinamarca/guayabal-de-siquima,Población 3.538
Cundinamarca,Guayabetal,https://www.municipios.com.co/cundinamarca/guayabetal,Población 4.628
Cundinamarca,Gutiérrez,https://www.municipios.com.co/cundinamarca/gutierrez,Población 3.403
Cundinamarca,Jerusalén,https://www.municipios.com.co/cundinamarca/jerusalen,Población 2.632
Cundinamarca,Junín,https://www.municipios.com.co/cundinamarca/junin,Población 8.115
Cundinamarca,La Calera,https://www.municipios.com.co/cundinamarca/la-calera,Población 23.308
Cundinamarca,La Mesa,https://www.municipios.com.co/cundinamarca/la-mesa,Población 26.699
Cundinamarca,La Palma,https://www.municipios.com.co/cundinamarca/la-palma,Población 9.396
Cundinamarca,La Peña,https://www.municipios.com.co/cundinamarca/la-pena,Población 6.792
Cundinamarca,La Vega,https://www.municipios.com.co/cundinamarca/la-vega,Población 12.993
Cundinamarca,Lenguazaque,https://www.municipios.com.co/cundinamarca/lenguazaque,Población 9.548
Cundinamarca,Macheta,https://www.municipios.com.co/cundinamarca/macheta,Población 6.663
Cundinamarca,Madrid,https://www.municipios.com.co/cundinamarca/madrid,Población 61.599
Cundinamarca,Manta,https://www.municipios.com.co/cundinamarca/manta,Población 4.393
Cundinamarca,Medina,https://www.municipios.com.co/cundinamarca/medina,Población 9.484
Cundinamarca,Mosquera,https://www.municipios.com.co/cundinamarca/mosquera,Población 63.584
Cundinamarca,Nariño,https://www.municipios.com.co/cundinamarca/narino,Población 2.042
Cundinamarca,Nemocón,https://www.municipios.com.co/cundinamarca/nemocon,Población 11.093
Cundinamarca,Nilo,https://www.municipios.com.co/cundinamarca/nilo,Población 14.224
Cundinamarca,Nimaima,https://www.municipios.com.co/cundinamarca/nimaima,Población 5.486
Cundinamarca,Nocaima,https://www.municipios.com.co/cundinamarca/nocaima,Población 5.303
Cundinamarca,Pacho,https://www.municipios.com.co/cundinamarca/pacho,Población 24.766
Cundinamarca,Paime,https://www.municipios.com.co/cundinamarca/paime,Población 5.281
Cundinamarca,Pandi,https://www.municipios.com.co/cundinamarca/pandi,Población 5.350
Cundinamarca,Paratebueno,https://www.municipios.com.co/cundinamarca/paratebueno,Población 7.256
Cundinamarca,Pasca,https://www.municipios.com.co/cundinamarca/pasca,Población 10.876
Cundinamarca,Puerto Salgar,https://www.municipios.com.co/cundinamarca/puerto-salgar,Población 15.237
Cundinamarca,Pulí,https://www.municipios.com.co/cundinamarca/puli,Población 2.837
Cundinamarca,Quebradanegra,https://www.municipios.com.co/cundinamarca/quebradanegra,Población 4.531
Cundinamarca,Quetame,https://www.municipios.com.co/cundinamarca/quetame,Población 6.433
Cundinamarca,Quipile,https://www.municipios.com.co/cundinamarca/quipile,Población 7.890
Cundinamarca,Ricaurte,https://www.municipios.com.co/cundinamarca/ricaurte,Población 7.990
Cundinamarca,San Antonio Del Tequendama,https://www.municipios.com.co/cundinamarca/san-antonio-del-tequendama,Población 10.202
Cundinamarca,San Bernardo,https://www.municipios.com.co/cundinamarca/san-bernardo,Población 9.910
Cundinamarca,San Cayetano,https://www.municipios.com.co/cundinamarca/san-cayetano,Población 5.139
Cundinamarca,San Francisco,https://www.municipios.com.co/cundinamarca/san-francisco,Población 8.187
Cundinamarca,San Juan De Río Seco,https://www.municipios.com.co/cundinamarca/san-juan-de-rio-seco,Población 9.462
Cundinamarca,Sasaima,https://www.municipios.com.co/cundinamarca/sasaima,Población 9.948
Cundinamarca,Sesquilé,https://www.municipios.com.co/cundinamarca/sesquile,Población 9.691
Cundinamarca,Sibaté,https://www.municipios.com.co/cundinamarca/sibate,Población 31.166
Cundinamarca,Silvania,https://www.municipios.com.co/cundinamarca/silvania,Población 20.872
Cundinamarca,Simijaca,https://www.municipios.com.co/cundinamarca/simijaca,Población 10.848
Cundinamarca,Soacha,https://www.municipios.com.co/cundinamarca/soacha,Población 398.295
Cundinamarca,Sopó,https://www.municipios.com.co/cundinamarca/sopo,Población 21.014
Cundinamarca,Subachoque,https://www.municipios.com.co/cundinamarca/subachoque,Población 12.972
Cundinamarca,Suesca,https://www.municipios.com.co/cundinamarca/suesca,Población 13.985
Cundinamarca,Supatá,https://www.municipios.com.co/cundinamarca/supata,Población 4.764
Cundinamarca,Susa,https://www.municipios.com.co/cundinamarca/susa,Población 9.788
Cundinamarca,Sutatausa,https://www.municipios.com.co/cundinamarca/sutatausa,Población 4.653
Cundinamarca,Tabio,https://www.municipios.com.co/cundinamarca/tabio,Población 20.714
Cundinamarca,Tausa,https://www.municipios.com.co/cundinamarca/tausa,Población 7.575
Cundinamarca,Tena,https://www.municipios.com.co/cundinamarca/tena,Población 7.469
Cundinamarca,Tenjo,https://www.municipios.com.co/cundinamarca/tenjo,Población 16.607
Cundinamarca,Tibacuy,https://www.municipios.com.co/cundinamarca/tibacuy,Población 4.698
Cundinamarca,Tibirita,https://www.municipios.com.co/cundinamarca/tibirita,Población 2.888
Cundinamarca,Tocaima,https://www.municipios.com.co/cundinamarca/tocaima,Población 16.149
Cundinamarca,Tocancipá,https://www.municipios.com.co/cundinamarca/tocancipa,Población 23.981
Cundinamarca,Topaipí,https://www.municipios.com.co/cundinamarca/topaipi,Población 4.599
Cundinamarca,Ubalá,https://www.municipios.com.co/cundinamarca/ubala,Población 11.525
Cundinamarca,Ubaque,https://www.municipios.com.co/cundinamarca/ubaque,Población 6.692
Cundinamarca,Ubaté,https://www.municipios.com.co/cundinamarca/ubate,Población 32.781
Cundinamarca,Une,https://www.municipios.com.co/cundinamarca/une,Población 7.856
Cundinamarca,Útica,https://www.municipios.com.co/cundinamarca/utica,Población 4.209
Cundinamarca,Venecia,https://www.municipios.com.co/cundinamarca/venecia,Población 3.777
Cundinamarca,Vergara,https://www.municipios.com.co/cundinamarca/vergara,Población 7.339
Cundinamarca,Vianí,https://www.municipios.com.co/cundinamarca/viani,Población 3.992
Cundinamarca,Villagómez,https://www.municipios.com.co/cundinamarca/villagomez,Población 2.104
Cundinamarca,Villapinzón,https://www.municipios.com.co/cundinamarca/villapinzon,Población 16.217
Cundinamarca,Villeta,https://www.municipios.com.co/cundinamarca/villeta,Población 23.620
Cundinamarca,Viotá,https://www.municipios.com.co/cundinamarca/viota,Población 13.073
Cundinamarca,Yacopí,https://www.municipios.com.co/cundinamarca/yacopi,Población 15.840
Cundinamarca,Zipacón,https://www.municipios.com.co/cundinamarca/zipacon,Población 4.916
Cundinamarca,Zipaquirá,https://www.municipios.com.co/cundinamarca/zipaquira,Población 100.038
Córdoba,Ayapel,https://www.municipios.com.co/cordoba/ayapel,Población 42.629
Córdoba,Buenavista,https://www.municipios.com.co/cordoba/buenavista,Población 19.076
Córdoba,Canalete,https://www.municipios.com.co/cordoba/canalete,Población 14.466
Córdoba,Cereté,https://www.municipios.com.co/cordoba/cerete,Población 83.978
Córdoba,Chimá,https://www.municipios.com.co/cordoba/chima,Población 13.642
Córdoba,Chinú,https://www.municipios.com.co/cordoba/chinu,Población 43.331
Córdoba,Ciénaga De Oro,https://www.municipios.com.co/cordoba/cienaga-de-oro,Población 53.403
Córdoba,Cotorra,https://www.municipios.com.co/cordoba/cotorra,Población 15.037
Córdoba,La Apartada,https://www.municipios.com.co/cordoba/la-apartada,Población 12.728
Córdoba,Los Córdobas,https://www.municipios.com.co/cordoba/los-cordobas,Población 18.197
Córdoba,Momil,https://www.municipios.com.co/cordoba/momil,Población 14.160
Córdoba,Moñitos,https://www.municipios.com.co/cordoba/monitos,Población 23.653
Córdoba,Montelíbano,https://www.municipios.com.co/cordoba/montelibano,Población 69.277
Córdoba,Montería,https://www.municipios.com.co/cordoba/monteria,Población 381.284
Córdoba,Planeta Rica,https://www.municipios.com.co/cordoba/planeta-rica,Población 61.570
Córdoba,Pueblo Nuevo,https://www.municipios.com.co/cordoba/pueblo-nuevo,Población 31.754
Córdoba,Puerto Escondido,https://www.municipios.com.co/cordoba/puerto-escondido,Población 22.331
Córdoba,Puerto Libertador,https://www.municipios.com.co/cordoba/puerto-libertador,Población 33.966
Córdoba,Purísima,https://www.municipios.com.co/cordoba/purisima,Población 14.655
Córdoba,Sahagún,https://www.municipios.com.co/cordoba/sahagun,Población 86.189
Córdoba,San Andrés de Sotavento,https://www.municipios.com.co/cordoba/san-andres-de-sotavento,Población 63.453
Córdoba,San Antero,https://www.municipios.com.co/cordoba/san-antero,Población 26.462
Córdoba,San Bernardo Del Viento,https://www.municipios.com.co/cordoba/san-bernardo-del-viento,Población 31.455
Córdoba,San Carlos,https://www.municipios.com.co/cordoba/san-carlos,Población 23.762
Córdoba,San Pelayo,https://www.municipios.com.co/cordoba/san-pelayo,Población 39.259
Córdoba,Santa Cruz de Lorica,https://www.municipios.com.co/cordoba/santa-cruz-de-lorica,Población 109.974
Córdoba,Tierralta,https://www.municipios.com.co/cordoba/tierralta,Población 78.564
Córdoba,Tuchín,https://www.municipios.com.co/cordoba/tuchin,Población 32.000
Córdoba,Valencia,https://www.municipios.com.co/cordoba/valencia,Población 34.654
Guainía,Inírida,https://www.municipios.com.co/guainia/inirida,Población 15.676
Guaviare,Calamar,https://www.municipios.com.co/guaviare/calamar,Población 6.094
Guaviare,El Retorno,https://www.municipios.com.co/guaviare/el-retorno,Población 4.119
Guaviare,Miraflores,https://www.municipios.com.co/guaviare/miraflores,Población 6.706
Guaviare,San José Del Guaviare,https://www.municipios.com.co/guaviare/san-jose-del-guaviare,Población 39.839
Huila,Acevedo,https://www.municipios.com.co/huila/acevedo,Población 26.597
Huila,Agrado,https://www.municipios.com.co/huila/agrado,Población 8.459
Huila,Aipe,https://www.municipios.com.co/huila/aipe,Población 19.928
Huila,Algeciras,https://www.municipios.com.co/huila/algeciras,Población 23.054
Huila,Altamira,https://www.municipios.com.co/huila/altamira,Población 3.609
Huila,Baraya,https://www.municipios.com.co/huila/baraya,Población 4.354
Huila,Campoalegre,https://www.municipios.com.co/huila/campoalegre,Población 32.101
Huila,Colombia,https://www.municipios.com.co/huila/colombia,Población 8.648
Huila,Elías,https://www.municipios.com.co/huila/elias,Población 3.342
Huila,Garzón,https://www.municipios.com.co/huila/garzon,Población 70.144
Huila,Gigante,https://www.municipios.com.co/huila/gigante,Población 28.174
Huila,Guadalupe,https://www.municipios.com.co/huila/guadalupe,Población 16.067
Huila,Hobo,https://www.municipios.com.co/huila/hobo,Población 6.521
Huila,Iquira,https://www.municipios.com.co/huila/iquira,Población 9.947
Huila,Isnos,https://www.municipios.com.co/huila/isnos,Población 23.756
Huila,La Argentina,https://www.municipios.com.co/huila/la-argentina,Población 11.674
Huila,La Plata,https://www.municipios.com.co/huila/la-plata,Población 52.549
Huila,Nátaga,https://www.municipios.com.co/huila/nataga,Población 5.807
Huila,Neiva,https://www.municipios.com.co/huila/neiva,Población 315.332
Huila,Oporapa,https://www.municipios.com.co/huila/oporapa,Población 10.139
Huila,Paicol,https://www.municipios.com.co/huila/paicol,Población 5.186
Huila,Palermo,https://www.municipios.com.co/huila/palermo,Población 27.282
Huila,Palestina,https://www.municipios.com.co/huila/palestina,Población 10.268
Huila,Pital,https://www.municipios.com.co/huila/pital,Población 12.811
Huila,Pitalito,https://www.municipios.com.co/huila/pitalito,Población 102.937
Huila,Rivera,https://www.municipios.com.co/huila/rivera,Población 16.654
Huila,Saladoblanco,https://www.municipios.com.co/huila/saladoblanco,Población 10.262
Huila,San Agustín,https://www.municipios.com.co/huila/san-agustin,Población 29.699
Huila,Santa María,https://www.municipios.com.co/huila/santa-maria,Población 10.191
Huila,Suaza,https://www.municipios.com.co/huila/suaza,Población 14.617
Huila,Tarqui,https://www.municipios.com.co/huila/tarqui,Población 15.921
Huila,Tello,https://www.municipios.com.co/huila/tello,Población 13.447
Huila,Teruel,https://www.municipios.com.co/huila/teruel,Población 8.198
Huila,Tesalia,https://www.municipios.com.co/huila/tesalia,Población 8.845
Huila,Timaná,https://www.municipios.com.co/huila/timana,Población 19.787
Huila,Villavieja,https://www.municipios.com.co/huila/villavieja,Población 7.314
Huila,Yaguará,https://www.municipios.com.co/huila/yaguara,Población 7.855
La Guajira,Albania,https://www.municipios.com.co/la-guajira/albania,Población 19.429
La Guajira,Barrancas,https://www.municipios.com.co/la-guajira/barrancas,Población 26.462
La Guajira,Dibulla,https://www.municipios.com.co/la-guajira/dibulla,Población 22.000
La Guajira,Distracción,https://www.municipios.com.co/la-guajira/distraccion,Población 12.023
La Guajira,El Molino,https://www.municipios.com.co/la-guajira/el-molino,Población 7.346
La Guajira,Fonseca,https://www.municipios.com.co/la-guajira/fonseca,Población 26.881
La Guajira,Hatonuevo,https://www.municipios.com.co/la-guajira/hatonuevo,Población 14.796
La Guajira,La Jagua Del Pilar,https://www.municipios.com.co/la-guajira/la-jagua-del-pilar,Población 2.732
La Guajira,Maicao,https://www.municipios.com.co/la-guajira/maicao,Población 103.124
La Guajira,Manaure,https://www.municipios.com.co/la-guajira/manaure,Población 68.578
La Guajira,Riohacha,https://www.municipios.com.co/la-guajira/riohacha,Población 169.311
La Guajira,San Juan Del Cesar,https://www.municipios.com.co/la-guajira/san-juan-del-cesar,Población 29.532
La Guajira,Uribia,https://www.municipios.com.co/la-guajira/uribia,Población 116.674
La Guajira,Urumita,https://www.municipios.com.co/la-guajira/urumita,Población 13.450
La Guajira,Villanueva,https://www.municipios.com.co/la-guajira/villanueva,Población 23.605
Magdalena,Algarrobo,https://www.municipios.com.co/magdalena/algarrobo,Población 11.556
Magdalena,Aracataca,https://www.municipios.com.co/magdalena/aracataca,Población 34.929
Magdalena,Ariguaní,https://www.municipios.com.co/magdalena/ariguani,Población 30.568
Magdalena,Cerro de San Antonio,https://www.municipios.com.co/magdalena/cerro-de-san-antonio,Población 8.058
Magdalena,Chibolo,https://www.municipios.com.co/magdalena/chibolo,Población 16.018
Magdalena,Ciénaga,https://www.municipios.com.co/magdalena/cienaga,Población 100.908
Magdalena,Concordia,https://www.municipios.com.co/magdalena/concordia,Población 9.922
Magdalena,El Banco,https://www.municipios.com.co/magdalena/el-banco,Población 53.544
Magdalena,El Piñon,https://www.municipios.com.co/magdalena/el-pinon,Población 16.684
Magdalena,El Retén,https://www.municipios.com.co/magdalena/el-reten,Población 18.417
Magdalena,Fundación,https://www.municipios.com.co/magdalena/fundacion,Población 56.107
Magdalena,Guamal,https://www.municipios.com.co/magdalena/guamal,Población 25.058
Magdalena,Nueva Granada,https://www.municipios.com.co/magdalena/nueva-granada,Población 16.006
Magdalena,Pedraza,https://www.municipios.com.co/magdalena/pedraza,Población 7.865
Magdalena,Pijiño Del Carmen,https://www.municipios.com.co/magdalena/pijino-del-carmen,Población 13.850
Magdalena,Pivijay,https://www.municipios.com.co/magdalena/pivijay,Población 35.379
Magdalena,Plato,https://www.municipios.com.co/magdalena/plato,Población 48.898
Magdalena,Puebloviejo,https://www.municipios.com.co/magdalena/puebloviejo,Población 24.865
Magdalena,Remolino,https://www.municipios.com.co/magdalena/remolino,Población 7.840
Magdalena,Sabanas De San Angel,https://www.municipios.com.co/magdalena/sabanas-de-san-angel,Población 14.353
Magdalena,Salamina,https://www.municipios.com.co/magdalena/salamina,Población 8.239
Magdalena,San Sebastián De Buenavista,https://www.municipios.com.co/magdalena/san-sebastian-de-buenavista,Población 16.924
Magdalena,San Zenón,https://www.municipios.com.co/magdalena/san-zenon,Población 8.749
Magdalena,Santa Ana,https://www.municipios.com.co/magdalena/santa-ana,Población 22.840
Magdalena,Santa Bárbara De Pinto,https://www.municipios.com.co/magdalena/santa-barbara-de-pinto,Población 10.919
Magdalena,Santa Marta,https://www.municipios.com.co/magdalena/santa-marta,Población 414.387
Magdalena,Sitionuevo,https://www.municipios.com.co/magdalena/sitionuevo,Población 26.777
Magdalena,Tenerife,https://www.municipios.com.co/magdalena/tenerife,Población 12.291
Magdalena,Zapayán,https://www.municipios.com.co/magdalena/zapayan,Población 8.464
Magdalena,Zona Bananera,https://www.municipios.com.co/magdalena/zona-bananera,Población 56.404
Meta,Acacías,https://www.municipios.com.co/meta/acacias,Población 54.753
Meta,Barranca De Upía,https://www.municipios.com.co/meta/barranca-de-upia,Población 3.232
Meta,Cabuyaro,https://www.municipios.com.co/meta/cabuyaro,Población 3.660
Meta,Castilla La Nueva,https://www.municipios.com.co/meta/castilla-la-nueva,Población 7.258
Meta,Cubarral,https://www.municipios.com.co/meta/cubarral,Población 5.174
Meta,Cumaral,https://www.municipios.com.co/meta/cumaral,Población 16.634
Meta,El Calvario,https://www.municipios.com.co/meta/el-calvario,Población 2.256
Meta,El Castillo,https://www.municipios.com.co/meta/el-castillo,Población 5.571
Meta,El Dorado,https://www.municipios.com.co/meta/el-dorado,Población 3.168
Meta,Fuente De Oro,https://www.municipios.com.co/meta/fuente-de-oro,Población 11.162
Meta,Granada,https://www.municipios.com.co/meta/granada,Población 50.837
Meta,Guamal,https://www.municipios.com.co/meta/guamal,Población 8.933
Meta,La Macarena,https://www.municipios.com.co/meta/la-macarena,Población 4.313
Meta,Lejanías,https://www.municipios.com.co/meta/lejanias,Población 9.091
Meta,Mapiripán,https://www.municipios.com.co/meta/mapiripan,Población 866
Meta,Mesetas,https://www.municipios.com.co/meta/mesetas,Población 4.677
Meta,Puerto Concordia,https://www.municipios.com.co/meta/puerto-concordia,Población 8.451
Meta,Puerto Gaitán,https://www.municipios.com.co/meta/puerto-gaitan,Población 15.475
Meta,Puerto Lleras,https://www.municipios.com.co/meta/puerto-lleras,Población 10.582
Meta,Puerto López,https://www.municipios.com.co/meta/puerto-lopez,Población 28.922
Meta,Puerto Rico,https://www.municipios.com.co/meta/puerto-rico,Población 7.205
Meta,Restrepo,https://www.municipios.com.co/meta/restrepo,Población 10.112
Meta,San Carlos De Guaroa,https://www.municipios.com.co/meta/san-carlos-de-guaroa,Población 6.909
Meta,San Juan De Arama,https://www.municipios.com.co/meta/san-juan-de-arama,Población 7.020
Meta,San Juanito,https://www.municipios.com.co/meta/san-juanito,Población 1.879
Meta,San Martín,https://www.municipios.com.co/meta/san-martin,Población 21.511
Meta,Uribe,https://www.municipios.com.co/meta/uribe,Población 8.180
Meta,Villavicencio,https://www.municipios.com.co/meta/villavicencio,Población 384.131
Meta,Vistahermosa,https://www.municipios.com.co/meta/vistahermosa,Población 11.810
Nariño,Albán,https://www.municipios.com.co/narino/alban,Población 19.367
Nariño,Aldana,https://www.municipios.com.co/narino/aldana,Población 6.780
Nariño,Ancuyá,https://www.municipios.com.co/narino/ancuya,Población 8.304
Nariño,Arboleda,https://www.municipios.com.co/narino/arboleda,Población 7.442
Nariño,Barbacoas,https://www.municipios.com.co/narino/barbacoas,Población 30.256
Nariño,Belén,https://www.municipios.com.co/narino/belen,Población 4.925
Nariño,Buesaco,https://www.municipios.com.co/narino/buesaco,Población 21.019
Nariño,Chachagüí,https://www.municipios.com.co/narino/chachagui,Población 11.910
Nariño,Colón,https://www.municipios.com.co/narino/colon,Población 9.672
Nariño,Consacá,https://www.municipios.com.co/narino/consaca,Población 10.209
Nariño,Contadero,https://www.municipios.com.co/narino/contadero,Población 6.639
Nariño,Córdoba,https://www.municipios.com.co/narino/cordoba,Población 13.463
Nariño,Cuaspud,https://www.municipios.com.co/narino/cuaspud,Población 8.108
Nariño,Cumbal,https://www.municipios.com.co/narino/cumbal,Población 22.418
Nariño,Cumbitara,https://www.municipios.com.co/narino/cumbitara,Población 6.142
Nariño,El Charco,https://www.municipios.com.co/narino/el-charco,Población 26.163
Nariño,El Peñol,https://www.municipios.com.co/narino/el-penol,Población 6.683
Nariño,El Rosario,https://www.municipios.com.co/narino/el-rosario,Población 11.204
Nariño,El Tablón De Gómez,https://www.municipios.com.co/narino/el-tablon-de-gomez,Población 13.890
Nariño,El Tambo,https://www.municipios.com.co/narino/el-tambo,Población 13.799
Nariño,Francisco Pizarro,https://www.municipios.com.co/narino/francisco-pizarro,Población 11.183
Nariño,Funes,https://www.municipios.com.co/narino/funes,Población 6.687
Nariño,Guachucal,https://www.municipios.com.co/narino/guachucal,Población 16.627
Nariño,Guaitarilla,https://www.municipios.com.co/narino/guaitarilla,Población 12.764
Nariño,Gualmatán,https://www.municipios.com.co/narino/gualmatan,Población 5.656
Nariño,Iles,https://www.municipios.com.co/narino/iles,Población 7.867
Nariño,Imués,https://www.municipios.com.co/narino/imues,Población 7.387
Nariño,Ipiales,https://www.municipios.com.co/narino/ipiales,Población 109.865
Nariño,La Cruz,https://www.municipios.com.co/narino/la-cruz,Población 17.633
Nariño,La Florida,https://www.municipios.com.co/narino/la-florida,Población 11.151
Nariño,La Llanada,https://www.municipios.com.co/narino/la-llanada,Población 3.694
Nariño,La Tola,https://www.municipios.com.co/narino/la-tola,Población 8.571
Nariño,La Unión,https://www.municipios.com.co/narino/la-union,Población 27.588
Nariño,Leiva,https://www.municipios.com.co/narino/leiva,Población 11.825
Nariño,Linares,https://www.municipios.com.co/narino/linares,Población 11.546
Nariño,Los Andes,https://www.municipios.com.co/narino/los-andes,Población 14.870
Nariño,Magüi Payán,https://www.municipios.com.co/narino/magui-payan,Población 13.831
Nariño,Mallama,https://www.municipios.com.co/narino/mallama,Población 8.317
Nariño,Mosquera,https://www.municipios.com.co/narino/mosquera,Población 11.873
Nariño,Nariño,https://www.municipios.com.co/narino/narino,Población 4.210
Nariño,Olaya Herrera,https://www.municipios.com.co/narino/olaya-herrera,Población 27.225
Nariño,Ospina,https://www.municipios.com.co/narino/ospina,Población 8.233
Nariño,Pasto,https://www.municipios.com.co/narino/pasto,Población 383.846
Nariño,Policarpa,https://www.municipios.com.co/narino/policarpa,Población 9.798
Nariño,Potosí,https://www.municipios.com.co/narino/potosi,Población 13.040
Nariño,Providencia,https://www.municipios.com.co/narino/providencia,Población 11.726
Nariño,Puerres,https://www.municipios.com.co/narino/puerres,Población 8.850
Nariño,Pupiales,https://www.municipios.com.co/narino/pupiales,Población 18.415
Nariño,Ricaurte,https://www.municipios.com.co/narino/ricaurte,Población 14.669
Nariño,Roberto Payán,https://www.municipios.com.co/narino/roberto-payan,Población 17.286
Nariño,Samaniego,https://www.municipios.com.co/narino/samaniego,Población 49.992
Nariño,San Bernardo,https://www.municipios.com.co/narino/san-bernardo,Población 14.487
Nariño,San Lorenzo,https://www.municipios.com.co/narino/san-lorenzo,Población 18.430
Nariño,San Pablo,https://www.municipios.com.co/narino/san-pablo,Población 14.932
Nariño,San Pedro De Cartago,https://www.municipios.com.co/narino/san-pedro-de-cartago,Población 7.047
Nariño,Sandoná,https://www.municipios.com.co/narino/sandona,Población 25.134
Nariño,Santa Bárbara,https://www.municipios.com.co/narino/santa-barbara,Población 8.615
Nariño,Santacruz,https://www.municipios.com.co/narino/santacruz,Población 16.869
Nariño,Sapuyes,https://www.municipios.com.co/narino/sapuyes,Población 7.369
Nariño,Taminango,https://www.municipios.com.co/narino/taminango,Población 17.354
Nariño,Tangua,https://www.municipios.com.co/narino/tangua,Población 10.672
Nariño,Tumaco,https://www.municipios.com.co/narino/tumaco,Población 161.490
Nariño,Túquerres,https://www.municipios.com.co/narino/tuquerres,Población 41.205
Nariño,Yacuanquer,https://www.municipios.com.co/narino/yacuanquer,Población 10.012
Norte de Santander,Abrego,https://www.municipios.com.co/norte-de-santander/abrego,Población 32.142
Norte de Santander,Arboledas,https://www.municipios.com.co/norte-de-santander/arboledas,Población 8.589
Norte de Santander,Bochalema,https://www.municipios.com.co/norte-de-santander/bochalema,Población 6.558
Norte de Santander,Bucarasica,https://www.municipios.com.co/norte-de-santander/bucarasica,Población 4.507
Norte de Santander,Cachirá,https://www.municipios.com.co/norte-de-santander/cachira,Población 10.557
Norte de Santander,Cácota,https://www.municipios.com.co/norte-de-santander/cacota,Población 2.513
Norte de Santander,Chinácota,https://www.municipios.com.co/norte-de-santander/chinacota,Población 14.736
Norte de Santander,Chitagá,https://www.municipios.com.co/norte-de-santander/chitaga,Población 9.615
Norte de Santander,Convención,https://www.municipios.com.co/norte-de-santander/convencion,Población 14.018
Norte de Santander,Cúcuta,https://www.municipios.com.co/norte-de-santander/cucuta,Población 585.543
Norte de Santander,Cucutilla,https://www.municipios.com.co/norte-de-santander/cucutilla,Población 8.318
Norte de Santander,Durania,https://www.municipios.com.co/norte-de-santander/durania,Población 4.181
Norte de Santander,El Carmen,https://www.municipios.com.co/norte-de-santander/el-carmen,Población 11.750
Norte de Santander,El Tarra,https://www.municipios.com.co/norte-de-santander/el-tarra,Población 9.925
Norte de Santander,El Zulia,https://www.municipios.com.co/norte-de-santander/el-zulia,Población 20.247
Norte de Santander,Gramalote,https://www.municipios.com.co/norte-de-santander/gramalote,Población 6.233
Norte de Santander,Hacarí,https://www.municipios.com.co/norte-de-santander/hacari,Población 8.116
Norte de Santander,Herrán,https://www.municipios.com.co/norte-de-santander/herran,Población 4.446
Norte de Santander,La Esperanza,https://www.municipios.com.co/norte-de-santander/la-esperanza,Población 10.889
Norte de Santander,La Playa,https://www.municipios.com.co/norte-de-santander/la-playa,Población 5.806
Norte de Santander,Labateca,https://www.municipios.com.co/norte-de-santander/labateca,Población 5.776
Norte de Santander,Los Patios,https://www.municipios.com.co/norte-de-santander/los-patios,Población 67.441
Norte de Santander,Lourdes,https://www.municipios.com.co/norte-de-santander/lourdes,Población 3.407
Norte de Santander,Mutiscua,https://www.municipios.com.co/norte-de-santander/mutiscua,Población 3.847
Norte de Santander,Ocaña,https://www.municipios.com.co/norte-de-santander/ocana,Población 90.037
Norte de Santander,Pamplona,https://www.municipios.com.co/norte-de-santander/pamplona,Población 52.903
Norte de Santander,Pamplonita,https://www.municipios.com.co/norte-de-santander/pamplonita,Población 4.767
Norte de Santander,Puerto Santander,https://www.municipios.com.co/norte-de-santander/puerto-santander,Población 8.112
Norte de Santander,Ragonvalia,https://www.municipios.com.co/norte-de-santander/ragonvalia,Población 6.757
Norte de Santander,Salazar de las palmas,https://www.municipios.com.co/norte-de-santander/salazar-de-las-palmas,Población 9.272
Norte de Santander,San Calixto,https://www.municipios.com.co/norte-de-santander/san-calixto,Población 9.837
Norte de Santander,San Cayetano,https://www.municipios.com.co/norte-de-santander/san-cayetano,Población 4.491
Norte de Santander,Santiago,https://www.municipios.com.co/norte-de-santander/santiago,Población 2.662
Norte de Santander,Sardinata,https://www.municipios.com.co/norte-de-santander/sardinata,Población 19.425
Norte de Santander,Silos,https://www.municipios.com.co/norte-de-santander/silos,Población 5.186
Norte de Santander,Teorama,https://www.municipios.com.co/norte-de-santander/teorama,Población 15.292
Norte de Santander,Tibú,https://www.municipios.com.co/norte-de-santander/tibu,Población 30.059
Norte de Santander,Toledo,https://www.municipios.com.co/norte-de-santander/toledo,Población 15.378
Norte de Santander,Villa Caro,https://www.municipios.com.co/norte-de-santander/villa-caro,Población 5.007
Norte de Santander,Villa Del Rosario,https://www.municipios.com.co/norte-de-santander/villa-del-rosario,Población 69.991
Putumayo,Colón,https://www.municipios.com.co/putumayo/colon,Población 4.198
Putumayo,Mocoa,https://www.municipios.com.co/putumayo/mocoa,Población 36.185
Putumayo,Orito,https://www.municipios.com.co/putumayo/orito,Población 39.519
Putumayo,Puerto Asís,https://www.municipios.com.co/putumayo/puerto-asis,Población 45.745
Putumayo,Puerto Caicedo,https://www.municipios.com.co/putumayo/puerto-caicedo,Población 10.581
Putumayo,Puerto Guzmán,https://www.municipios.com.co/putumayo/puerto-guzman,Población 5.114
Putumayo,Puerto Leguízamo,https://www.municipios.com.co/putumayo/puerto-leguizamo,Población 9.938
Putumayo,San Francisco,https://www.municipios.com.co/putumayo/san-francisco,Población 5.270
Putumayo,San Miguel,https://www.municipios.com.co/putumayo/san-miguel,Población 15.245
Putumayo,Santiago,https://www.municipios.com.co/putumayo/santiago,Población 5.830
Putumayo,Sibundoy,https://www.municipios.com.co/putumayo/sibundoy,Población 11.529
Putumayo,Valle Del Guamuez,https://www.municipios.com.co/putumayo/valle-del-guamuez,Población 32.958
Putumayo,Villagarzón,https://www.municipios.com.co/putumayo/villagarzon,Población 15.085
Quindío,Armenia,https://www.municipios.com.co/quindio/armenia,Población 272.574
Quindío,Buenavista,https://www.municipios.com.co/quindio/buenavista,Población 2.954
Quindío,Calarcá,https://www.municipios.com.co/quindio/calarca,Población 71.605
Quindío,Circasia,https://www.municipios.com.co/quindio/circasia,Población 26.705
Quindío,Córdoba,https://www.municipios.com.co/quindio/cordoba,Población 5.238
Quindío,Filandia,https://www.municipios.com.co/quindio/filandia,Población 12.510
Quindío,Génova,https://www.municipios.com.co/quindio/genova,Población 9.293
Quindío,La Tebaida,https://www.municipios.com.co/quindio/la-tebaida,Población 32.748
Quindío,Montenegro,https://www.municipios.com.co/quindio/montenegro,Población 38.714
Quindío,Pijao,https://www.municipios.com.co/quindio/pijao,Población 6.421
Quindío,Quimbaya,https://www.municipios.com.co/quindio/quimbaya,Población 32.928
Quindío,Salento,https://www.municipios.com.co/quindio/salento,Población 7.001
Risaralda,Apía,https://www.municipios.com.co/risaralda/apia,Población 12.889
Risaralda,Balboa,https://www.municipios.com.co/risaralda/balboa,Población 6.081
Risaralda,Belén De Umbría,https://www.municipios.com.co/risaralda/belen-de-umbria,Población 26.603
Risaralda,Dosquebradas,https://www.municipios.com.co/risaralda/dosquebradas,Población 173.452
Risaralda,Guática,https://www.municipios.com.co/risaralda/guatica,Población 15.102
Risaralda,La Celia,https://www.municipios.com.co/risaralda/la-celia,Población 8.348
Risaralda,La Virginia,https://www.municipios.com.co/risaralda/la-virginia,Población 30.095
Risaralda,Marsella,https://www.municipios.com.co/risaralda/marsella,Población 20.683
Risaralda,Mistrató,https://www.municipios.com.co/risaralda/mistrato,Población 12.438
Risaralda,Pereira,https://www.municipios.com.co/risaralda/pereira,Población 428.397
Risaralda,Pueblo Rico,https://www.municipios.com.co/risaralda/pueblo-rico,Población 11.436
Risaralda,Quinchía,https://www.municipios.com.co/risaralda/quinchia,Población 31.996
Risaralda,Santa Rosa De Cabal,https://www.municipios.com.co/risaralda/santa-rosa-de-cabal,Población 67.410
Risaralda,Santuario,https://www.municipios.com.co/risaralda/santuario,Población 14.736
San Andrés,Providencia,https://www.municipios.com.co/san-andres/providencia,Población 4.147
San Andrés,San Andrés,https://www.municipios.com.co/san-andres/san-andres,Población 55.426
Santander,Aguada,https://www.municipios.com.co/santander/aguada,Población 1.817
Santander,Albania,https://www.municipios.com.co/santander/albania,Población 4.300
Santander,Aratoca,https://www.municipios.com.co/santander/aratoca,Población 8.285
Santander,Barbosa,https://www.municipios.com.co/santander/barbosa,Población 25.768
Santander,Barichara,https://www.municipios.com.co/santander/barichara,Población 7.063
Santander,Barrancabermeja,https://www.municipios.com.co/santander/barrancabermeja,Población 187.311
Santander,Betulia,https://www.municipios.com.co/santander/betulia,Población 5.244
Santander,Bolívar,https://www.municipios.com.co/santander/bolivar,Población 12.858
Santander,Bucaramanga,https://www.municipios.com.co/santander/bucaramanga,Población 509.918
Santander,Cabrera,https://www.municipios.com.co/santander/cabrera,Población 1.874
Santander,California,https://www.municipios.com.co/santander/california,Población 1.783
Santander,Capitanejo,https://www.municipios.com.co/santander/capitanejo,Población 5.988
Santander,Carcasí,https://www.municipios.com.co/santander/carcasi,Población 5.073
Santander,Cepitá,https://www.municipios.com.co/santander/cepita,Población 1.984
Santander,Cerrito,https://www.municipios.com.co/santander/cerrito,Población 6.187
Santander,Charalá,https://www.municipios.com.co/santander/charala,Población 11.119
Santander,Charta,https://www.municipios.com.co/santander/charta,Población 3.069
Santander,Chima,https://www.municipios.com.co/santander/chima,Población 3.273
Santander,Chipatá,https://www.municipios.com.co/santander/chipata,Población 4.972
Santander,Cimitarra,https://www.municipios.com.co/santander/cimitarra,Población 32.124
Santander,Concepción,https://www.municipios.com.co/santander/concepcion,Población 5.738
Santander,Confines,https://www.municipios.com.co/santander/confines,Población 2.705
Santander,Contratación,https://www.municipios.com.co/santander/contratacion,Población 3.904
Santander,Coromoro,https://www.municipios.com.co/santander/coromoro,Población 6.110
Santander,Curití,https://www.municipios.com.co/santander/curiti,Población 11.343
Santander,El Carmen De Chucurí,https://www.municipios.com.co/santander/el-carmen-de-chucuri,Población 18.103
Santander,El Guacamayo,https://www.municipios.com.co/santander/el-guacamayo,Población 2.256
Santander,El Peñón,https://www.municipios.com.co/santander/el-penon,Población 5.472
Santander,El Playón,https://www.municipios.com.co/santander/el-playon,Población 12.880
Santander,Encino,https://www.municipios.com.co/santander/encino,Población 2.668
Santander,Enciso,https://www.municipios.com.co/santander/enciso,Población 3.894
Santander,Florián,https://www.municipios.com.co/santander/florian,Población 6.273
Santander,Floridablanca,https://www.municipios.com.co/santander/floridablanca,Población 252.472
Santander,Galán,https://www.municipios.com.co/santander/galan,Población 2.903
Santander,Gámbita,https://www.municipios.com.co/santander/gambita,Población 3.841
Santander,Girón,https://www.municipios.com.co/santander/giron,Población 135.531
Santander,Guaca,https://www.municipios.com.co/santander/guaca,Población 6.780
Santander,Guadalupe,https://www.municipios.com.co/santander/guadalupe,Población 5.415
Santander,Guapotá,https://www.municipios.com.co/santander/guapota,Población 2.229
Santander,Guavatá,https://www.municipios.com.co/santander/guavata,Población 4.283
Santander,Güepsa,https://www.municipios.com.co/santander/guepsa,Población 4.200
Santander,Hato,https://www.municipios.com.co/santander/hato,Población 2.358
Santander,Jesús María,https://www.municipios.com.co/santander/jesus-maria,Población 3.390
Santander,Jordán,https://www.municipios.com.co/santander/jordan,Población 1.140
Santander,La Belleza,https://www.municipios.com.co/santander/la-belleza,Población 6.838
Santander,La Paz,https://www.municipios.com.co/santander/la-paz,Población 5.442
Santander,Landázuri,https://www.municipios.com.co/santander/landazuri,Población 13.143
Santander,Lebríja,https://www.municipios.com.co/santander/lebrija,Población 30.984
Santander,Los Santos,https://www.municipios.com.co/santander/los-santos,Población 10.614
Santander,Macaravita,https://www.municipios.com.co/santander/macaravita,Población 2.640
Santander,Málaga,https://www.municipios.com.co/santander/malaga,Población 18.343
Santander,Matanza,https://www.municipios.com.co/santander/matanza,Población 5.689
Santander,Mogotes,https://www.municipios.com.co/santander/mogotes,Población 10.664
Santander,Molagavita,https://www.municipios.com.co/santander/molagavita,Población 5.303
Santander,Ocamonte,https://www.municipios.com.co/santander/ocamonte,Población 4.877
Santander,Oiba,https://www.municipios.com.co/santander/oiba,Población 10.815
Santander,Onzaga,https://www.municipios.com.co/santander/onzaga,Población 5.527
Santander,Palmar,https://www.municipios.com.co/santander/palmar,Población 2.015
Santander,Palmas Del Socorro,https://www.municipios.com.co/santander/palmas-del-socorro,Población 2.391
Santander,Páramo,https://www.municipios.com.co/santander/paramo,Población 3.643
Santander,Piedecuesta,https://www.municipios.com.co/santander/piedecuesta,Población 116.914
Santander,Pinchote,https://www.municipios.com.co/santander/pinchote,Población 3.740
Santander,Puente Nacional,https://www.municipios.com.co/santander/puente-nacional,Población 14.243
Santander,Puerto Parra,https://www.municipios.com.co/santander/puerto-parra,Población 6.462
Santander,Puerto Wilches,https://www.municipios.com.co/santander/puerto-wilches,Población 31.058
Santander,Rionegro,https://www.municipios.com.co/santander/rionegro,Población 26.768
Santander,Sabana De Torres,https://www.municipios.com.co/santander/sabana-de-torres,Población 19.448
Santander,San Andrés,https://www.municipios.com.co/santander/san-andres,Población 9.480
Santander,San Benito,https://www.municipios.com.co/santander/san-benito,Población 3.844
Santander,San Gil,https://www.municipios.com.co/santander/san-gil,Población 42.988
Santander,San Joaquín,https://www.municipios.com.co/santander/san-joaquin,Población 2.862
Santander,San José De Miranda,https://www.municipios.com.co/santander/san-jose-de-miranda,Población 4.731
Santander,San Miguel,https://www.municipios.com.co/santander/san-miguel,Población 2.592
Santander,San Vicente De Chucurí,https://www.municipios.com.co/santander/san-vicente-de-chucuri,Población 28.084
Santander,Santa Bárbara,https://www.municipios.com.co/santander/santa-barbara,Población 2.271
Santander,Santa Helena Del Opón,https://www.municipios.com.co/santander/santa-helena-del-opon,Población 4.329
Santander,Simacota,https://www.municipios.com.co/santander/simacota,Población 8.744
Santander,Socorro,https://www.municipios.com.co/santander/socorro,Población 28.758
Santander,Suaita,https://www.municipios.com.co/santander/suaita,Población 9.969
Santander,Sucre,https://www.municipios.com.co/santander/sucre,Población 8.998
Santander,Suratá,https://www.municipios.com.co/santander/surata,Población 3.565
Santander,Tona,https://www.municipios.com.co/santander/tona,Población 6.651
Santander,Valle De San José,https://www.municipios.com.co/santander/valle-de-san-jose,Población 5.082
Santander,Vélez,https://www.municipios.com.co/santander/velez,Población 19.265
Santander,Vetas,https://www.municipios.com.co/santander/vetas,Población 1.709
Santander,Villanueva,https://www.municipios.com.co/santander/villanueva,Población 6.808
Santander,Zapatoca,https://www.municipios.com.co/santander/zapatoca,Población 9.255
Sucre,Buenavista,https://www.municipios.com.co/sucre/buenavista,Población 8.898
Sucre,Caimito,https://www.municipios.com.co/sucre/caimito,Población 10.960
Sucre,Chalán,https://www.municipios.com.co/sucre/chalan,Población 3.870
Sucre,Colosó,https://www.municipios.com.co/sucre/coloso,Población 6.013
Sucre,Corozal,https://www.municipios.com.co/sucre/corozal,Población 57.300
Sucre,Coveñas,https://www.municipios.com.co/sucre/covenas,Población 11.270
Sucre,El Roble,https://www.municipios.com.co/sucre/el-roble,Población 8.469
Sucre,Galeras,https://www.municipios.com.co/sucre/galeras,Población 17.251
Sucre,Guaranda,https://www.municipios.com.co/sucre/guaranda,Población 15.080
Sucre,La Unión,https://www.municipios.com.co/sucre/la-union,Población 10.279
Sucre,Los Palmitos,https://www.municipios.com.co/sucre/los-palmitos,Población 18.344
Sucre,Majagual,https://www.municipios.com.co/sucre/majagual,Población 31.213
Sucre,Morroa,https://www.municipios.com.co/sucre/morroa,Población 12.784
Sucre,Ovejas,https://www.municipios.com.co/sucre/ovejas,Población 20.551
Sucre,Palmito,https://www.municipios.com.co/sucre/palmito,Población 11.432
Sucre,Sampués,https://www.municipios.com.co/sucre/sampues,Población 36.090
Sucre,San Benito Abad,https://www.municipios.com.co/sucre/san-benito-abad,Población 22.579
Sucre,San Juan De Betulia,https://www.municipios.com.co/sucre/san-juan-de-betulia,Población 12.215
Sucre,San Marcos,https://www.municipios.com.co/sucre/san-marcos,Población 50.336
Sucre,San Onofre,https://www.municipios.com.co/sucre/san-onofre,Población 45.672
Sucre,San Pedro,https://www.municipios.com.co/sucre/san-pedro,Población 16.211
Sucre,Santiago De Tolú,https://www.municipios.com.co/sucre/santiago-de-tolu,Población 27.957
Sucre,Sincé,https://www.municipios.com.co/sucre/since,Población 30.406
Sucre,Sincelejo,https://www.municipios.com.co/sucre/sincelejo,Población 236.780
Sucre,Sucre,https://www.municipios.com.co/sucre/sucre,Población 21.716
Sucre,Tolú Viejo,https://www.municipios.com.co/sucre/tolu-viejo,Población 18.587
Tolima,Alpujarra,https://www.municipios.com.co/tolima/alpujarra,Población 5.098
Tolima,Alvarado,https://www.municipios.com.co/tolima/alvarado,Población 8.873
Tolima,Ambalema,https://www.municipios.com.co/tolima/ambalema,Población 7.563
Tolima,Anzoátegui,https://www.municipios.com.co/tolima/anzoategui,Población 8.371
Tolima,Armero Guayabal,https://www.municipios.com.co/tolima/armero-guayabal,Población 12.852
Tolima,Ataco,https://www.municipios.com.co/tolima/ataco,Población 15.665
Tolima,Cajamarca,https://www.municipios.com.co/tolima/cajamarca,Población 19.501
Tolima,Carmen De Apicalá,https://www.municipios.com.co/tolima/carmen-de-apicala,Población 8.330
Tolima,Casabianca,https://www.municipios.com.co/tolima/casabianca,Población 6.793
Tolima,Chaparral,https://www.municipios.com.co/tolima/chaparral,Población 46.090
Tolima,Coello,https://www.municipios.com.co/tolima/coello,Población 8.940
Tolima,Coyaima,https://www.municipios.com.co/tolima/coyaima,Población 27.733
Tolima,Cunday,https://www.municipios.com.co/tolima/cunday,Población 8.445
Tolima,Dolores,https://www.municipios.com.co/tolima/dolores,Población 5.636
Tolima,Espinal,https://www.municipios.com.co/tolima/espinal,Población 75.375
Tolima,Falan,https://www.municipios.com.co/tolima/falan,Población 7.923
Tolima,Flandes,https://www.municipios.com.co/tolima/flandes,Población 27.683
Tolima,Fresno,https://www.municipios.com.co/tolima/fresno,Población 30.750
Tolima,Guamo,https://www.municipios.com.co/tolima/guamo,Población 34.254
Tolima,Herveo,https://www.municipios.com.co/tolima/herveo,Población 8.901
Tolima,Honda,https://www.municipios.com.co/tolima/honda,Población 26.873
Tolima,Ibagué,https://www.municipios.com.co/tolima/ibague,Población 495.246
Tolima,Icononzo,https://www.municipios.com.co/tolima/icononzo,Población 10.130
Tolima,Lérida,https://www.municipios.com.co/tolima/lerida,Población 18.115
Tolima,Líbano,https://www.municipios.com.co/tolima/libano,Población 41.650
Tolima,Mariquita,https://www.municipios.com.co/tolima/mariquita,Población 32.642
Tolima,Melgar,https://www.municipios.com.co/tolima/melgar,Población 32.636
Tolima,Murillo,https://www.municipios.com.co/tolima/murillo,Población 4.953
Tolima,Natagaima,https://www.municipios.com.co/tolima/natagaima,Población 20.268
Tolima,Ortega,https://www.municipios.com.co/tolima/ortega,Población 30.536
Tolima,Palocabildo,https://www.municipios.com.co/tolima/palocabildo,Población 9.433
Tolima,Piedras,https://www.municipios.com.co/tolima/piedras,Población 5.370
Tolima,Planadas,https://www.municipios.com.co/tolima/planadas,Población 25.442
Tolima,Prado,https://www.municipios.com.co/tolima/prado,Población 8.605
Tolima,Purificación,https://www.municipios.com.co/tolima/purificacion,Población 27.586
Tolima,Rioblanco,https://www.municipios.com.co/tolima/rioblanco,Población 24.993
Tolima,Roncesvalles,https://www.municipios.com.co/tolima/roncesvalles,Población 6.090
Tolima,Rovira,https://www.municipios.com.co/tolima/rovira,Población 21.250
Tolima,Saldaña,https://www.municipios.com.co/tolima/saldana,Población 14.732
Tolima,San Antonio,https://www.municipios.com.co/tolima/san-antonio,Población 14.970
Tolima,San Luis,https://www.municipios.com.co/tolima/san-luis,Población 13.447
Tolima,Santa Isabel,https://www.municipios.com.co/tolima/santa-isabel,Población 6.453
Tolima,Suárez,https://www.municipios.com.co/tolima/suarez,Población 4.472
Tolima,Valle De San Juan,https://www.municipios.com.co/tolima/valle-de-san-juan,Población 6.131
Tolima,Venadillo,https://www.municipios.com.co/tolima/venadillo,Población 18.576
Tolima,Villahermosa,https://www.municipios.com.co/tolima/villahermosa,Población 10.919
Tolima,Villarrica,https://www.municipios.com.co/tolima/villarrica,Población 6.010
Valle del Cauca,Alcalá,https://www.municipios.com.co/valle-del-cauca/alcala,Población 12.716
Valle del Cauca,Andalucía,https://www.municipios.com.co/valle-del-cauca/andalucia,Población 17.518
Valle del Cauca,Ansermanuevo,https://www.municipios.com.co/valle-del-cauca/ansermanuevo,Población 19.836
Valle del Cauca,Argelia,https://www.municipios.com.co/valle-del-cauca/argelia,Población 5.891
Valle del Cauca,Bolívar,https://www.municipios.com.co/valle-del-cauca/bolivar,Población 14.827
Valle del Cauca,Buenaventura,https://www.municipios.com.co/valle-del-cauca/buenaventura,Población 324.207
Valle del Cauca,Bugalagrande,https://www.municipios.com.co/valle-del-cauca/bugalagrande,Población 20.990
Valle del Cauca,Caicedonia,https://www.municipios.com.co/valle-del-cauca/caicedonia,Población 29.808
Valle del Cauca,Cali,https://www.municipios.com.co/valle-del-cauca/cali,Población 2.075.380
Valle del Cauca,Calima el Darién,https://www.municipios.com.co/valle-del-cauca/calima-el-darien,Población 15.111
Valle del Cauca,Candelaria,https://www.municipios.com.co/valle-del-cauca/candelaria,Población 68.820
Valle del Cauca,Cartago,https://www.municipios.com.co/valle-del-cauca/cartago,Población 121.741
Valle del Cauca,Dagua,https://www.municipios.com.co/valle-del-cauca/dagua,Población 34.310
Valle del Cauca,El Águila,https://www.municipios.com.co/valle-del-cauca/el-aguila,Población 9.224
Valle del Cauca,El Cairo,https://www.municipios.com.co/valle-del-cauca/el-cairo,Población 9.105
Valle del Cauca,El Cerrito,https://www.municipios.com.co/valle-del-cauca/el-cerrito,Población 53.244
Valle del Cauca,El Dovio,https://www.municipios.com.co/valle-del-cauca/el-dovio,Población 9.090
Valle del Cauca,Florida,https://www.municipios.com.co/valle-del-cauca/florida,Población 54.626
Valle del Cauca,Ginebra,https://www.municipios.com.co/valle-del-cauca/ginebra,Población 18.808
Valle del Cauca,Guacarí,https://www.municipios.com.co/valle-del-cauca/guacari,Población 31.055
Valle del Cauca,Guadalajara De Buga,https://www.municipios.com.co/valle-del-cauca/guadalajara-de-buga,Población 111.487
Valle del Cauca,Jamundí,https://www.municipios.com.co/valle-del-cauca/jamundi,Población 93.556
Valle del Cauca,La Cumbre,https://www.municipios.com.co/valle-del-cauca/la-cumbre,Población 10.822
Valle del Cauca,La Unión,https://www.municipios.com.co/valle-del-cauca/la-union,Población 31.123
Valle del Cauca,La Victoria,https://www.municipios.com.co/valle-del-cauca/la-victoria,Población 13.722
Valle del Cauca,Obando,https://www.municipios.com.co/valle-del-cauca/obando,Población 14.009
Valle del Cauca,Palmira,https://www.municipios.com.co/valle-del-cauca/palmira,Población 278.358
Valle del Cauca,Pradera,https://www.municipios.com.co/valle-del-cauca/pradera,Población 47.755
Valle del Cauca,Restrepo,https://www.municipios.com.co/valle-del-cauca/restrepo,Población 13.881
Valle del Cauca,Riofrío,https://www.municipios.com.co/valle-del-cauca/riofrio,Población 15.402
Valle del Cauca,Roldanillo,https://www.municipios.com.co/valle-del-cauca/roldanillo,Población 33.697
Valle del Cauca,San Pedro,https://www.municipios.com.co/valle-del-cauca/san-pedro,Población 15.428
Valle del Cauca,Sevilla,https://www.municipios.com.co/valle-del-cauca/sevilla,Población 41.632
Valle del Cauca,Toro,https://www.municipios.com.co/valle-del-cauca/toro,Población 15.395
Valle del Cauca,Trujillo,https://www.municipios.com.co/valle-del-cauca/trujillo,Población 18.142
Valle del Cauca,Tuluá,https://www.municipios.com.co/valle-del-cauca/tulua,Población 183.236
Valle del Cauca,Ulloa,https://www.municipios.com.co/valle-del-cauca/ulloa,Población 5.166
Valle del Cauca,Versalles,https://www.municipios.com.co/valle-del-cauca/versalles,Población 7.987
Valle del Cauca,Vijes,https://www.municipios.com.co/valle-del-cauca/vijes,Población 9.592
Valle del Cauca,Yotoco,https://www.municipios.com.co/valle-del-cauca/yotoco,Población 15.155
Valle del Cauca,Yumbo,https://www.municipios.com.co/valle-del-cauca/yumbo,Población 90.642
Valle del Cauca,Zarzal,https://www.municipios.com.co/valle-del-cauca/zarzal,Población 40.041
Vaupés,Caruru,https://www.municipios.com.co/vaupes/caruru,Población 641
Vaupés,Mitú,https://www.municipios.com.co/vaupes/mitu,Población 16.980
Vaupés,Taraira,https://www.municipios.com.co/vaupes/taraira,Población 1.015
Vichada,Cumaribo,https://www.municipios.com.co/vichada/cumaribo,Población 23.990
Vichada,La Primavera,https://www.municipios.com.co/vichada/la-primavera,Población 4.517
Vichada,Puerto Carreño,https://www.municipios.com.co/vichada/puerto-carreno,Población 12.897
Vichada,Santa Rosalía,https://www.municipios.com.co/vichada/santa-rosalia,Población 3.188
